Date,SumGBG(mm),SumLTP(mm),SumPerm(mm),GBGLTP,GBGPerm
12/20/2005,0,,,17.01799883,17.01979988
12/21/2005,0,,,0,0
12/22/2005,0,,,108.5,61.01
12/23/2005,0,,,37.4,39.96
12/24/2005,0,,,124.22,132.53
12/25/2005,0,,,8.86,9.11
12/26/2005,0,,,NA,NA
12/27/2005,0,,,39.28,23.8
12/28/2005,0,,,7.35,8.09
12/29/2005,0,,,70.67,68.13
12/30/2005,0,,,48.2,48.73
12/31/2005,0,,,,
1/1/2006,0,,,,
1/2/2006,0,,,,
1/3/2006,0,,,,
1/4/2006,0,,,,
1/5/2006,0,,,,
1/6/2006,0,,,,
1/7/2006,0,,,,
1/8/2006,0,,,,
1/9/2006,0,,,,
1/10/2006,0,,,,
1/11/2006,0,,,,
1/12/2006,0,,,,
1/13/2006,0,,,,
1/14/2006,0,,,,
1/15/2006,0,,,,
1/16/2006,0,,,,
1/17/2006,0,,,,
1/18/2006,0,,,,
1/19/2006,0,,,,
1/20/2006,0,,,,
1/21/2006,0,,,,
1/22/2006,0,,,,
1/23/2006,0,,,,
1/24/2006,0,,,,
1/25/2006,0,,,,
1/26/2006,0,,,,
1/27/2006,0,,,,
1/28/2006,0,,,,
1/29/2006,0,,,,
1/30/2006,0,,,,
1/31/2006,0,,,,
2/1/2006,0,,,,
2/2/2006,0,,,,
2/3/2006,0,,,,
2/4/2006,0,,,,
2/5/2006,0,,,,
2/6/2006,0,,,,
2/7/2006,0,,,,
2/8/2006,0,,,,
2/9/2006,0,,,,
2/10/2006,0,,,,
2/11/2006,0,,,,
2/12/2006,0,,,,
2/13/2006,0,,,,
2/14/2006,0,,,,
2/15/2006,0,,,,
2/16/2006,0,,,,
2/17/2006,0,,,,
2/18/2006,0,,,,
2/19/2006,0,,,,
2/20/2006,0,,,,
2/21/2006,0,,,,
2/22/2006,0,,,,
2/23/2006,0,,,,
2/24/2006,0,,,,
2/25/2006,0,,,,
2/26/2006,0,,,,
2/27/2006,0,,,,
2/28/2006,0,,,,
3/1/2006,0.761999947,,,,
3/2/2006,0,,,,
3/3/2006,0,,,,
3/4/2006,0,,,,
3/5/2006,0,,,,
3/6/2006,0,,,,
3/7/2006,0,,,,
3/8/2006,0.253999982,,,,
3/9/2006,0,,,,
3/10/2006,0,,,,
3/11/2006,4.825999667,,,,
3/12/2006,6.857999527,,,,
3/13/2006,0,,,,
3/14/2006,0,,,,
3/15/2006,0,,,,
3/16/2006,0,,,,
3/17/2006,0,,,,
3/18/2006,0,,,,
3/19/2006,4.06399972,,,,
3/20/2006,0,,,,
3/21/2006,0,,,,
3/22/2006,0,,,,
3/23/2006,0,,,,
3/24/2006,0,,,,
3/25/2006,0,,,,
3/26/2006,0,,,,
3/27/2006,0,,,,
3/28/2006,0.253999982,,,,
3/29/2006,0,,,,
3/30/2006,0,,,,
3/31/2006,0,,,,
4/1/2006,0,,,,
4/2/2006,0,,,,
4/3/2006,0,,,,
4/4/2006,0,,,,
4/5/2006,0,,,,
4/6/2006,0,,,,
4/7/2006,0,,,,
4/8/2006,0,,,,
4/9/2006,0,,,,
4/10/2006,0,,,,
4/11/2006,0,,,,
4/12/2006,0,,,,
4/13/2006,0,,,,
4/14/2006,0,,,,
4/15/2006,0,,,,
4/16/2006,0,,,,
4/17/2006,0,,,,
4/18/2006,0,,,,
4/19/2006,0,,,,
4/20/2006,0,,,,
4/21/2006,0,,,,
4/22/2006,0,,,,
4/23/2006,0,,,,
4/24/2006,0,,,,
4/25/2006,0,,,,
4/26/2006,0,,,,
4/27/2006,0,,,,
4/28/2006,0,,,,
4/29/2006,0,,,,
4/30/2006,0,,,,
5/1/2006,0,,,,
5/2/2006,0,,,,
5/3/2006,0,,,,
5/4/2006,0,,,,
5/5/2006,0,,,,
5/6/2006,0,,,,
5/7/2006,0,,,,
5/8/2006,0,,,,
5/9/2006,0,,,,
5/10/2006,0,,,,
5/11/2006,0,,,,
5/12/2006,0,,,,
5/13/2006,0,,,,
5/14/2006,0,,,,
5/15/2006,0,,,,
5/16/2006,0,,,,
5/17/2006,0,,,,
5/18/2006,0,,,,
5/19/2006,0,,,,
5/20/2006,0,,,,
5/21/2006,0,,,,
5/22/2006,0,,,,
5/23/2006,0,,,,
5/24/2006,0,,,,
5/25/2006,0,,,,
5/26/2006,0,,,,
5/27/2006,0,,,,
5/28/2006,0,,,,
5/29/2006,0,,,,
5/30/2006,0,,,,
5/31/2006,0,,,,
6/1/2006,0,,,,
6/2/2006,0,,,,
6/3/2006,0,,,,
6/4/2006,0,,,,
6/5/2006,0,,,,
6/6/2006,3.809999737,,,,
6/7/2006,1.777999877,,,,
6/8/2006,0,,,,
6/9/2006,0,,,,
6/10/2006,0,,,,
6/11/2006,0,,,,
6/12/2006,0,,,,
6/13/2006,0,,,,
6/14/2006,0,,,,
6/15/2006,0,,,,
6/16/2006,0,,,,
6/17/2006,0,,,,
6/18/2006,0,,,,
6/19/2006,0,,,,
6/20/2006,0,,,,
6/21/2006,0,,,,
6/22/2006,0,,,,
6/23/2006,0,,,,
6/24/2006,0,,,,
6/25/2006,0,,,,
6/26/2006,0,,,,
6/27/2006,0.761999947,,,,
6/28/2006,17.01799883,,,,
6/29/2006,,,,,
6/30/2006,,,,,
7/1/2006,,,,,
7/2/2006,,,,,
7/3/2006,,,,,
7/4/2006,,,,,
7/5/2006,,,,,
7/6/2006,,,,,
7/7/2006,,,,,
7/8/2006,,,,,
7/9/2006,,,,,
7/10/2006,,,,,
7/11/2006,,,,,
7/12/2006,,,,,
7/13/2006,,,,,
7/14/2006,,,,,
7/15/2006,,,,,
7/16/2006,,,,,
7/17/2006,,,,,
7/18/2006,,,,,
7/19/2006,,,,,
7/20/2006,,,,,
7/21/2006,,,,,
7/22/2006,,,,,
7/23/2006,,,,,
7/24/2006,,,,,
7/25/2006,,,,,
7/26/2006,,,,,
7/27/2006,,,,,
7/28/2006,,,,,
7/29/2006,,,,,
7/30/2006,,,,,
7/31/2006,,,,,
8/1/2006,,,,,
8/2/2006,,,,,
8/3/2006,,,,,
8/4/2006,,,,,
8/5/2006,,,,,
8/6/2006,,,,,
8/7/2006,,,,,
8/8/2006,,,,,
8/9/2006,,,,,
8/10/2006,,,,,
8/11/2006,,,,,
8/12/2006,,,,,
8/13/2006,,,,,
8/14/2006,,,,,
8/15/2006,,,,,
8/16/2006,,,,,
8/17/2006,,,,,
8/18/2006,,,,,
8/19/2006,,,,,
8/20/2006,,,,,
8/21/2006,,,,,
8/22/2006,,,,,
8/23/2006,,,,,
8/24/2006,,,,,
8/25/2006,,,,,
8/26/2006,,,,,
8/27/2006,,,,,
8/28/2006,,,,,
8/29/2006,,,,,
8/30/2006,,,,,
8/31/2006,,,,,
9/1/2006,,,,,
9/2/2006,,,,,
9/3/2006,,,,,
9/4/2006,,,,,
9/5/2006,,,,,
9/6/2006,,,,,
9/7/2006,,,,,
9/8/2006,,,,,
9/9/2006,,,,,
9/10/2006,,,,,
9/11/2006,,,,,
9/12/2006,,,,,
9/13/2006,,,,,
9/14/2006,,,,,
9/15/2006,,,,,
9/16/2006,,,,,
9/17/2006,,,,,
9/18/2006,,,,,
9/19/2006,,,,,
9/20/2006,,,,,
9/21/2006,,,,,
9/22/2006,,,,,
9/23/2006,,,,,
9/24/2006,,,,,
9/25/2006,,,,,
9/26/2006,,,,,
9/27/2006,,,,,
9/28/2006,,,,,
9/29/2006,,,,,
9/30/2006,,,,,
10/1/2006,,,,,
10/2/2006,,,,,
10/3/2006,,,,,
10/4/2006,,,,,
10/5/2006,,,,,
10/6/2006,,,,,
10/7/2006,,,,,
10/8/2006,,,,,
10/9/2006,,,,,
10/10/2006,,,,,
10/11/2006,,,,,
10/12/2006,,,,,
10/13/2006,,,,,
10/14/2006,,,,,
10/15/2006,,,,,
10/16/2006,,,,,
10/17/2006,,,,,
10/18/2006,,,,,
10/19/2006,,,,,
10/20/2006,,,,,
10/21/2006,,,,,
10/22/2006,,,,,
10/23/2006,,,,,
10/24/2006,,,,,
10/25/2006,,,,,
10/26/2006,,,,,
10/27/2006,,,,,
10/28/2006,,,,,
10/29/2006,,,,,
10/30/2006,,,,,
10/31/2006,,,,,
11/1/2006,,,,,
11/2/2006,,,,,
11/3/2006,,,,,
11/4/2006,,,,,
11/5/2006,,,,,
11/6/2006,,,,,
11/7/2006,,,,,
11/8/2006,,,,,
11/9/2006,,,,,
11/10/2006,,,,,
11/11/2006,,,,,
11/12/2006,,,,,
11/13/2006,,,,,
11/14/2006,,,,,
11/15/2006,,,,,
11/16/2006,,,,,
11/17/2006,,,,,
11/18/2006,,,,,
11/19/2006,,,,,
11/20/2006,,,,,
11/21/2006,,,,,
11/22/2006,,,,,
11/23/2006,,,,,
11/24/2006,,,,,
11/25/2006,,,,,
11/26/2006,,,,,
11/27/2006,,,,,
11/28/2006,,,,,
11/29/2006,,,,,
11/30/2006,,,,,
12/1/2006,,,,,
12/2/2006,,,,,
12/3/2006,,,,,
12/4/2006,,,,,
12/5/2006,,,,,
12/6/2006,,,,,
12/7/2006,,,,,
12/8/2006,,,,,
12/9/2006,,,,,
12/10/2006,,,,,
12/11/2006,,,,,
12/12/2006,,,,,
12/13/2006,,,,,
12/14/2006,,,,,
12/15/2006,,,,,
12/16/2006,,,,,
12/17/2006,,,,,
12/18/2006,,,,,
12/19/2006,,,,,
12/20/2006,,,,,
12/21/2006,,,,,
12/22/2006,,,,,
12/23/2006,,,,,
12/24/2006,,,,,
12/25/2006,,,,,
12/26/2006,,,,,
12/27/2006,,,,,
12/28/2006,,,,,
12/29/2006,,,,,
12/30/2006,,,,,
12/31/2006,,,,,
1/1/2007,0,,,,
1/2/2007,0,,,,
1/3/2007,0,,,,
1/4/2007,0,,,,
1/5/2007,0,,,,
1/6/2007,0,,,,
1/7/2007,0,,,,
1/8/2007,0,,,,
1/9/2007,0,,,,
1/10/2007,0,,,,
1/11/2007,0,,,,
1/12/2007,0,,,,
1/13/2007,0,,,,
1/14/2007,0,,,,
1/15/2007,0,,,,
1/16/2007,0,,,,
1/17/2007,0,,,,
1/18/2007,0,,,,
1/19/2007,0,,,,
1/20/2007,0,,,,
1/21/2007,0,,,,
1/22/2007,0,,,,
1/23/2007,0,,,,
1/24/2007,0,,,,
1/25/2007,0,,,,
1/26/2007,0,,,,
1/27/2007,0,,,,
1/28/2007,0,,,,
1/29/2007,0,,,,
1/30/2007,0,,,,
1/31/2007,0,,,,
2/1/2007,0,,,,
2/2/2007,0,,,,
2/3/2007,0,,,,
2/4/2007,0,,,,
2/5/2007,0,,,,
2/6/2007,0,,,,
2/7/2007,0,,,,
2/8/2007,0,,,,
2/9/2007,0,,,,
2/10/2007,0,,,,
2/11/2007,0,,,,
2/12/2007,0,,,,
2/13/2007,0,,,,
2/14/2007,0,,,,
2/15/2007,0,,,,
2/16/2007,0,,,,
2/17/2007,0,,,,
2/18/2007,0,,,,
2/19/2007,0,,,,
2/20/2007,0,,,,
2/21/2007,0,,,,
2/22/2007,0,,,,
2/23/2007,0,,,,
2/24/2007,0,,,,
2/25/2007,0,,,,
2/26/2007,0,,,,
2/27/2007,0,,,,
2/28/2007,0,,,,
3/1/2007,0,,,,
3/2/2007,0,,,,
3/3/2007,0,,,,
3/4/2007,0,,,,
3/5/2007,0,,,,
3/6/2007,0,,,,
3/7/2007,0,,,,
3/8/2007,0,,,,
3/9/2007,0,,,,
3/10/2007,0,,,,
3/11/2007,0,,,,
3/12/2007,0,,,,
3/13/2007,0,,,,
3/14/2007,0,,,,
3/15/2007,0,,,,
3/16/2007,0,,,,
3/17/2007,0,,,,
3/18/2007,0,,,,
3/19/2007,0,,,,
3/20/2007,0,,,,
3/21/2007,0,,,,
3/22/2007,0,,,,
3/23/2007,0,,,,
3/24/2007,0,,,,
3/25/2007,0,,,,
3/26/2007,0,,,,
3/27/2007,0,,,,
3/28/2007,0,,,,
3/29/2007,0,,,,
3/30/2007,0,,,,
3/31/2007,0,,,,
4/1/2007,0,,,,
4/2/2007,0,,,,
4/3/2007,,,,,
4/4/2007,,,,,
4/5/2007,,,,,
4/6/2007,,,,,
4/7/2007,,,,,
4/8/2007,,,,,
4/9/2007,,,,,
4/10/2007,,,,,
4/11/2007,,,,,
4/12/2007,,,,,
4/13/2007,,,,,
4/14/2007,,,,,
4/15/2007,,,,,
4/16/2007,,,,,
4/17/2007,,,,,
4/18/2007,,,,,
4/19/2007,,,,,
4/20/2007,,,,,
4/21/2007,,,,,
4/22/2007,,,,,
4/23/2007,,,,,
4/24/2007,,,,,
4/25/2007,,,,,
4/26/2007,,,,,
4/27/2007,,,,,
4/28/2007,,,,,
4/29/2007,,,,,
4/30/2007,,,,,
5/1/2007,,,,,
5/2/2007,,,,,
5/3/2007,,,,,
5/4/2007,,,,,
5/5/2007,,,,,
5/6/2007,,,,,
5/7/2007,,,,,
5/8/2007,,,,,
5/9/2007,,,,,
5/10/2007,,,,,
5/11/2007,,,,,
5/12/2007,,,,,
5/13/2007,,,,,
5/14/2007,,,,,
5/15/2007,,,,,
5/16/2007,,,,,
5/17/2007,,,,,
5/18/2007,,,,,
5/19/2007,,,,,
5/20/2007,,,,,
5/21/2007,,,,,
5/22/2007,,,,,
5/23/2007,,,,,
5/24/2007,,,,,
5/25/2007,,,,,
5/26/2007,,,,,
5/27/2007,,,,,
5/28/2007,,,,,
5/29/2007,,,,,
5/30/2007,,,,,
5/31/2007,,,,,
6/1/2007,,,,,
6/2/2007,,,,,
6/3/2007,,,,,
6/4/2007,,,,,
6/5/2007,,,,,
6/6/2007,,,,,
6/7/2007,,,,,
6/8/2007,,,,,
6/9/2007,,,,,
6/10/2007,,,,,
6/11/2007,,,,,
6/12/2007,,,,,
6/13/2007,,,,,
6/14/2007,,,,,
6/15/2007,,,,,
6/16/2007,,,,,
6/17/2007,,,,,
6/18/2007,,,,,
6/19/2007,,,,,
6/20/2007,,,,,
6/21/2007,,,,,
6/22/2007,,,,,
6/23/2007,,,,,
6/24/2007,,,,,
6/25/2007,,,,,
6/26/2007,,,,,
6/27/2007,,,,,
6/28/2007,,,,,
6/29/2007,,,,,
6/30/2007,,,,,
7/1/2007,,,,,
7/2/2007,,,,,
7/3/2007,,,,,
7/4/2007,,,,,
7/5/2007,,,,,
7/6/2007,,,,,
7/7/2007,,,,,
7/8/2007,,,,,
7/9/2007,,,,,
7/10/2007,,,,,
7/11/2007,,,,,
7/12/2007,,,,,
7/13/2007,,,,,
7/14/2007,,,,,
7/15/2007,,,,,
7/16/2007,,,,,
7/17/2007,,,,,
7/18/2007,,,,,
7/19/2007,,,,,
7/20/2007,,,,,
7/21/2007,,,,,
7/22/2007,,,,,
7/23/2007,,,,,
7/24/2007,,,,,
7/25/2007,,,,,
7/26/2007,,,,,
7/27/2007,,,,,
7/28/2007,,,,,
7/29/2007,,,,,
7/30/2007,,,,,
7/31/2007,,,,,
8/1/2007,,,,,
8/2/2007,,,,,
8/3/2007,,,,,
8/4/2007,,,,,
8/5/2007,,,,,
8/6/2007,,,,,
8/7/2007,,,,,
8/8/2007,,,,,
8/9/2007,,,,,
8/10/2007,,,,,
8/11/2007,,,,,
8/12/2007,,,,,
8/13/2007,,,,,
8/14/2007,,,,,
8/15/2007,,,,,
8/16/2007,,,,,
8/17/2007,,,,,
8/18/2007,,,,,
8/19/2007,,,,,
8/20/2007,,,,,
8/21/2007,,,,,
8/22/2007,,,,,
8/23/2007,,,,,
8/24/2007,,,,,
8/25/2007,,,,,
8/26/2007,,,,,
8/27/2007,,,,,
8/28/2007,,,,,
8/29/2007,,,,,
8/30/2007,,,,,
8/31/2007,,,,,
9/1/2007,,,,,
9/2/2007,,,,,
9/3/2007,,,,,
9/4/2007,,,,,
9/5/2007,,,,,
9/6/2007,,,,,
9/7/2007,,,,,
9/8/2007,,,,,
9/9/2007,,,,,
9/10/2007,,,,,
9/11/2007,,,,,
9/12/2007,,,,,
9/13/2007,,,,,
9/14/2007,,,,,
9/15/2007,,,,,
9/16/2007,,,,,
9/17/2007,,,,,
9/18/2007,,,,,
9/19/2007,,,,,
9/20/2007,,,,,
9/21/2007,,,,,
9/22/2007,,,,,
9/23/2007,,,,,
9/24/2007,,,,,
9/25/2007,,,,,
9/26/2007,,,,,
9/27/2007,,,,,
9/28/2007,,,,,
9/29/2007,,,,,
9/30/2007,,,,,
10/1/2007,,,,,
10/2/2007,,,,,
10/3/2007,,,,,
10/4/2007,,,,,
10/5/2007,,,,,
10/6/2007,,,,,
10/7/2007,,,,,
10/8/2007,,,,,
10/9/2007,,,,,
10/10/2007,,,,,
10/11/2007,,,,,
10/12/2007,,,,,
10/13/2007,,,,,
10/14/2007,,,,,
10/15/2007,,,,,
10/16/2007,,,,,
10/17/2007,,,,,
10/18/2007,,,,,
10/19/2007,,,,,
10/20/2007,,,,,
10/21/2007,,,,,
10/22/2007,,,,,
10/23/2007,,,,,
10/24/2007,,,,,
10/25/2007,,,,,
10/26/2007,,,,,
10/27/2007,,,,,
10/28/2007,,,,,
10/29/2007,,,,,
10/30/2007,,,,,
10/31/2007,,,,,
11/1/2007,,,,,
11/2/2007,,,,,
11/3/2007,,,,,
11/4/2007,,,,,
11/5/2007,,,,,
11/6/2007,,,,,
11/7/2007,,,,,
11/8/2007,,,,,
11/9/2007,,,,,
11/10/2007,,,,,
11/11/2007,,,,,
11/12/2007,,,,,
11/13/2007,,,,,
11/14/2007,,,,,
11/15/2007,,0,0,,
11/16/2007,,0,0,,
11/17/2007,,0,0,,
11/18/2007,,0,0,,
11/19/2007,,0,0,,
11/20/2007,,0,0,,
11/21/2007,,0,0,,
11/22/2007,,0,0,,
11/23/2007,,0,0,,
11/24/2007,,0,0,,
11/25/2007,,0,0,,
11/26/2007,,0,0,,
11/27/2007,,0,0,,
11/28/2007,,0,0,,
11/29/2007,,2.51,2.51,,
11/30/2007,,72.88,44.41,,
12/1/2007,,0.51,0.5,,
12/2/2007,,0,0,,
12/3/2007,,0,0,,
12/4/2007,,0,0,,
12/5/2007,,0,0,,
12/6/2007,,2.54,0,,
12/7/2007,,0,0,,
12/8/2007,,9.83,10.63,,
12/9/2007,,0,0,,
12/10/2007,,0.25,0.5,,
12/11/2007,,6,15.46,,
12/12/2007,,2.5,0.25,,
12/13/2007,,0,0,,
12/14/2007,,0,0,,
12/15/2007,,0,0,,
12/16/2007,,0,0,,
12/17/2007,,0,0,,
12/18/2007,,0,0,,
12/19/2007,,0,0,,
12/20/2007,,0,0,,
12/21/2007,,0.76,0.5,,
12/22/2007,,0.25,0,,
12/23/2007,,0,0,,
12/24/2007,,0,0,,
12/25/2007,,0,0,,
12/26/2007,,0,0,,
12/27/2007,,0,0,,
12/28/2007,,0,0,,
12/29/2007,,0,0,,
12/30/2007,,0,0,,
12/31/2007,,0,0,,
1/1/2008,,0,0,,
1/2/2008,,0,0,,
1/3/2008,,1,0.75,,
1/4/2008,,0,0,,
1/5/2008,,0,0,,
1/6/2008,,0,0,,
1/7/2008,,14.47,12.68,,
1/8/2008,,0.25,0,,
1/9/2008,,0,0,,
1/10/2008,,0,0,,
1/11/2008,,0,0,,
1/12/2008,,0,0,,
1/13/2008,,0,0,,
1/14/2008,,0,0,,
1/15/2008,,0,0,,
1/16/2008,,0,0,,
1/17/2008,,0,0,,
1/18/2008,,0,0,,
1/19/2008,,0,0,,
1/20/2008,,0,0,,
1/21/2008,,0,0,,
1/22/2008,,0,0,,
1/23/2008,,0,0,,
1/24/2008,,0,0,,
1/25/2008,,0,0,,
1/26/2008,,0,0,,
1/27/2008,,6.06,5.28,,
1/28/2008,,0.25,0,,
1/29/2008,,0,0,,
1/30/2008,,0,0,,
1/31/2008,,0,0,,
2/1/2008,,0,0,,
2/2/2008,,0,0,,
2/3/2008,,0,0,,
2/4/2008,,9.11,7.6,,
2/5/2008,,0.25,0,,
2/6/2008,,0,0,,
2/7/2008,,0,0,,
2/8/2008,,0,0,,
2/9/2008,,0,0,,
2/10/2008,,0,0,,
2/11/2008,,0,0,,
2/12/2008,,0,0,,
2/13/2008,,0,0,,
2/14/2008,,0,0,,
2/15/2008,,68.54,26.62,,
2/16/2008,,3.26,3.25,,
2/17/2008,,0,0,,
2/18/2008,,0,0,,
2/19/2008,,0,0,,
2/20/2008,,0,0,,
2/21/2008,,0,0,,
2/22/2008,,0,0,,
2/23/2008,,0,0,,
2/24/2008,,0,0,,
2/25/2008,,0,0,,
2/26/2008,,0,0,,
2/27/2008,,0,0,,
2/28/2008,,0,0,,
2/29/2008,,0,0,,
3/1/2008,,0,0,,
3/2/2008,,0,0,,
3/3/2008,,0,0,,
3/4/2008,,0,0,,
3/5/2008,,0,0,,
3/6/2008,,0,0,,
3/7/2008,,0,0,,
3/8/2008,,0,0,,
3/9/2008,,0,0,,
3/10/2008,,0,0,,
3/11/2008,,0,0,,
3/12/2008,,0,0,,
3/13/2008,,0,0,,
3/14/2008,,0,0,,
3/15/2008,,0,0,,
3/16/2008,,4.3,3.56,,
3/17/2008,,1.01,1.27,,
3/18/2008,,0,0,,
3/19/2008,,0,0,,
3/20/2008,,0,0,,
3/21/2008,,0,0,,
3/22/2008,,0,0,,
3/23/2008,,0,0,,
3/24/2008,,0,0,,
3/25/2008,,0,0,,
3/26/2008,,0,0,,
3/27/2008,,0,0,,
3/28/2008,,0,0,,
3/29/2008,,0,0,,
3/30/2008,,0,0,,
3/31/2008,,0,0,,
4/1/2008,,0,0,,
4/2/2008,,0,0,,
4/3/2008,,0,0,,
4/4/2008,,0,0,,
4/5/2008,,0,0,,
4/6/2008,,0,0,,
4/7/2008,,0,0,,
4/8/2008,,0,0,,
4/9/2008,,0.76,0.5,,
4/10/2008,,0,0,,
4/11/2008,,0,0,,
4/12/2008,,0,0,,
4/13/2008,,0,0,,
4/14/2008,,0,0,,
4/15/2008,,0,0,,
4/16/2008,,0,0,,
4/17/2008,,0,0,,
4/18/2008,,0,0,,
4/19/2008,,0,0,,
4/20/2008,,0,0,,
4/21/2008,,0,0,,
4/22/2008,,0,0,,
4/23/2008,,0,0,,
4/24/2008,,0,0,,
4/25/2008,,0,0,,
4/26/2008,,0,0,,
4/27/2008,,0,0,,
4/28/2008,,0,0,,
4/29/2008,,0,0,,
4/30/2008,,0,0,,
5/1/2008,,0,0,,
5/2/2008,,0,0,,
5/3/2008,,0,0,,
5/4/2008,,0,0,,
5/5/2008,,0,0,,
5/6/2008,,0,0,,
5/7/2008,,0,0,,
5/8/2008,,0,0,,
5/9/2008,,0,0,,
5/10/2008,,0,0,,
5/11/2008,,0,0,,
5/12/2008,,0,0,,
5/13/2008,,0,0,,
5/14/2008,,0,0,,
5/15/2008,,0,0,,
5/16/2008,,0,0,,
5/17/2008,,0,0,,
5/18/2008,,0,0,,
5/19/2008,,0,0,,
5/20/2008,,0,0,,
5/21/2008,,0,0,,
5/22/2008,,0,0,,
5/23/2008,,0,0,,
5/24/2008,,0,0,,
5/25/2008,,0,0,,
5/26/2008,,0,0,,
5/27/2008,,0,0,,
5/28/2008,,0,0,,
5/29/2008,,0,0,,
5/30/2008,,0,0,,
5/31/2008,,0,0,,
6/1/2008,,0,0,,
6/2/2008,,0,0,,
6/3/2008,,0,0,,
6/4/2008,,0,0,,
6/5/2008,,0,0,,
6/6/2008,,0,0,,
6/7/2008,,0,0,,
6/8/2008,,0,0,,
6/9/2008,,0,0,,
6/10/2008,,0,0,,
6/11/2008,,0,0,,
6/12/2008,,0,0,,
6/13/2008,,0,0,,
6/14/2008,,0,0,,
6/15/2008,,0,0,,
6/16/2008,,0,0,,
6/17/2008,,0,0,,
6/18/2008,,0,0,,
6/19/2008,,0,0,,
6/20/2008,,0,0,,
6/21/2008,,0,0,,
6/22/2008,,0,0,,
6/23/2008,,0,0,,
6/24/2008,,0,0,,
6/25/2008,,0.5,0.25,,
6/26/2008,,24.87,19.8,,
6/27/2008,,1,0,,
6/28/2008,,1,0,,
6/29/2008,,0.5,0,,
6/30/2008,,0,0,,
7/1/2008,,0,0,,
7/2/2008,,0,0,,
7/3/2008,,0,0,,
7/4/2008,,0.5,1.78,,
7/5/2008,,0.75,17.27,,
7/6/2008,,0.75,6.6,,
7/7/2008,,0.5,2,,
7/8/2008,,0.25,1.26,,
7/9/2008,,0.25,0,,
7/10/2008,,0,0.25,,
7/11/2008,,1,21.33,,
7/12/2008,,1.25,0,,
7/13/2008,,5,5.84,,
7/14/2008,,3.5,1.27,,
7/15/2008,,1,0,,
7/16/2008,,0.5,0,,
7/17/2008,,0,0,,
7/18/2008,,0,0,,
7/19/2008,,1.5,24.14,,
7/20/2008,,5.75,11.67,,
7/21/2008,,1.75,0,,
7/22/2008,,1,3.3,,
7/23/2008,,0.5,2.79,,
7/24/2008,,0.25,0,,
7/25/2008,,0.25,0,,
7/26/2008,,0.25,0.76,,
7/27/2008,,0,0,,
7/28/2008,,0,0,,
7/29/2008,,0,0,,
7/30/2008,,0,0,,
7/31/2008,,0,0,,
8/1/2008,,0,0,,
8/2/2008,,0,0,,
8/3/2008,,0.51,0.76,,
8/4/2008,,0.5,0.75,,
8/5/2008,,3.28,11.94,,
8/6/2008,,2.25,0,,
8/7/2008,,0.75,0,,
8/8/2008,,0,0,,
8/9/2008,,0,0,,
8/10/2008,,0,0,,
8/11/2008,,0,0,,
8/12/2008,,0,0,,
8/13/2008,,21.57,0,,
8/14/2008,,10.39,,,
8/15/2008,,0,,,
8/16/2008,,0,,,
8/17/2008,,0,,,
8/18/2008,,0,,,
8/19/2008,,0,,,
8/20/2008,,0,,,
8/21/2008,,0,,,
8/22/2008,,0,,,
8/23/2008,,0,,,
8/24/2008,,0,,,
8/25/2008,,0,,,
8/26/2008,,8.88,,,
8/27/2008,,0.51,,,
8/28/2008,,2.27,,,
8/29/2008,,0,,,
8/30/2008,,29.96,,,
8/31/2008,,15.49,,,
9/1/2008,,0.25,,,
9/2/2008,,0,,,
9/3/2008,,0,,,
9/4/2008,,0,,,
9/5/2008,,0,,,
9/6/2008,,0,,,
9/7/2008,,0,,,
9/8/2008,,0,,,
9/9/2008,,0,,,
9/10/2008,,1.01,,,
9/11/2008,,3.04,,,
9/12/2008,,0.25,,,
9/13/2008,,,,,
9/14/2008,,,,,
9/15/2008,,,,,
9/16/2008,,,,,
9/17/2008,,,,,
9/18/2008,,,,,
9/19/2008,,,,,
9/20/2008,,,,,
9/21/2008,,,,,
9/22/2008,,,,,
9/23/2008,,,,,
9/24/2008,,,,,
9/25/2008,,,,,
9/26/2008,,,0,,
9/27/2008,,,0,,
9/28/2008,,0,0,,
9/29/2008,,0,0,,
9/30/2008,,0,0,,
10/1/2008,,0,0,,
10/2/2008,,0,0,,
10/3/2008,,0,0,,
10/4/2008,,0,0,,
10/5/2008,,0,0,,
10/6/2008,,0,0,,
10/7/2008,,0,0,,
10/8/2008,,0,0,,
10/9/2008,,0,0,,
10/10/2008,,0,0,,
10/11/2008,,0,0,,
10/12/2008,,0,0,,
10/13/2008,,0,0,,
10/14/2008,,0,0,,
10/15/2008,,0,0,,
10/16/2008,,0,0,,
10/17/2008,,0,0,,
10/18/2008,,0,0,,
10/19/2008,,0,0,,
10/20/2008,,0,0.25,,
10/21/2008,,0,0,,
10/22/2008,,0,0,,
10/23/2008,,0,0,,
10/24/2008,,0,0,,
10/25/2008,,0,0,,
10/26/2008,,0,0,,
10/27/2008,,0,0,,
10/28/2008,,0,0,,
10/29/2008,,0,0,,
10/30/2008,,0,0,,
10/31/2008,,0,0,,
11/1/2008,,0,0,,
11/2/2008,,0,0,,
11/3/2008,,0,0,,
11/4/2008,,0,0,,
11/5/2008,,0,0,,
11/6/2008,,0.76,0,,
11/7/2008,,0,0,,
11/8/2008,,0,,,
11/9/2008,,0,,,
11/10/2008,,0.25,,,
11/11/2008,,0,,,
11/12/2008,,0,,,
11/13/2008,,0,,,
11/14/2008,,0,,,
11/15/2008,,0,,,
11/16/2008,,0,,,
11/17/2008,,0,,,
11/18/2008,,0,,,
11/19/2008,,0,,,
11/20/2008,,0,,,
11/21/2008,,0,,,
11/22/2008,,0,,,
11/23/2008,,0,,,
11/24/2008,,0,,,
11/25/2008,,0,,,
11/26/2008,,0,,,
11/27/2008,,11.67,,,
11/28/2008,,3.52,,,
11/29/2008,,0,,,
11/30/2008,,0,,,
12/1/2008,,0,,,
12/2/2008,,0,,,
12/3/2008,,0,,,
12/4/2008,,0,,,
12/5/2008,,0,,,
12/6/2008,,0,,,
12/7/2008,,0,,,
12/8/2008,,2.02,0,,
12/9/2008,,0,0,,
12/10/2008,,0,0,,
12/11/2008,,0,0,,
12/12/2008,,0,0,,
12/13/2008,,0,0,,
12/14/2008,,0.25,0.25,,
12/15/2008,,0,0,,
12/16/2008,,0,0,,
12/17/2008,,0,0.25,,
12/18/2008,,0.75,0.5,,
12/19/2008,,0,0.25,,
12/20/2008,,0,0,,
12/21/2008,,0,0,,
12/22/2008,,2.27,1.25,,
12/23/2008,,5.8,7.59,,
12/24/2008,,0,0,,
12/25/2008,,0,0,,
12/26/2008,,6.06,5.82,,
12/27/2008,,0,0,,
12/28/2008,,0,0,,
12/29/2008,,0,0,,
12/30/2008,,0,0,,
12/31/2008,,0,0,,
1/1/2009,,0,0,,
1/2/2009,,0,0,,
1/3/2009,,0,0,,
1/4/2009,,7.82,8.86,,
1/5/2009,,1.25,1.5,,
1/6/2009,,0,0,,
1/7/2009,,0,0,,
1/8/2009,,0,0,,
1/9/2009,,0,0,,
1/10/2009,,0,0,,
1/11/2009,,0,0,,
1/12/2009,,0,0,,
1/13/2009,,0,0,,
1/14/2009,,0,0,,
1/15/2009,,0,0,,
1/16/2009,,0,0,,
1/17/2009,,0,0,,
1/18/2009,,0,0,,
1/19/2009,,0,0,,
1/20/2009,,0,0,,
1/21/2009,,0.5,0.75,,
1/22/2009,,4.02,5.28,,
1/23/2009,,5.57,5.84,,
1/24/2009,,0.25,0.25,,
1/25/2009,,0,0,,
1/26/2009,,0,0,,
1/27/2009,,0,0,,
1/28/2009,,0,0,,
1/29/2009,,0,0,,
1/30/2009,,0,0,,
1/31/2009,,0,0,,
2/1/2009,,0,0,,
2/2/2009,,0,0,,
2/3/2009,,0,0,,
2/4/2009,,0,0,,
2/5/2009,,0,0,,
2/6/2009,,0,0,,
2/7/2009,,0,0,,
2/8/2009,,6.84,7.09,,
2/9/2009,,0,0,,
2/10/2009,,6.59,5.32,,
2/11/2009,,0,0,,
2/12/2009,,0,0,,
2/13/2009,,0,0,,
2/14/2009,,0,0,,
2/15/2009,,0,0,,
2/16/2009,,0,0,,
2/17/2009,,0,0,,
2/18/2009,,0,0,,
2/19/2009,,0,0,,
2/20/2009,,0,0,,
2/21/2009,,0,0,,
2/22/2009,,0,0,,
2/23/2009,,0,0,,
2/24/2009,,0,0,,
2/25/2009,,0,0,,
2/26/2009,,0,0,,
2/27/2009,,0,0,,
2/28/2009,,0,0,,
3/1/2009,,0,0,,
3/2/2009,,0,0,,
3/3/2009,,0,0,,
3/4/2009,,0,0,,
3/5/2009,,0,0,,
3/6/2009,,0,0,,
3/7/2009,,0,0,,
3/8/2009,,0,0,,
3/9/2009,,4.56,5.07,,
3/10/2009,,0,0,,
3/11/2009,,0,0,,
3/12/2009,,0,0,,
3/13/2009,,0,0,,
3/14/2009,,0,0,,
3/15/2009,,0,0,,
3/16/2009,,0,0,,
3/17/2009,,0,0,,
3/18/2009,,0,0,,
3/19/2009,,0,0,,
3/20/2009,,0,0,,
3/21/2009,,0,0,,
3/22/2009,,0,0,,
3/23/2009,,0,0,,
3/24/2009,,0,0,,
3/25/2009,,0,0,,
3/26/2009,,0,0,,
3/27/2009,,0,0,,
3/28/2009,,0,0,,
3/29/2009,,0,0,,
3/30/2009,,0,0,,
3/31/2009,,0,0,,
4/1/2009,,0,0,,
4/2/2009,,0,0,,
4/3/2009,,0,0,,
4/4/2009,,0,0,,
4/5/2009,,0,0,,
4/6/2009,,0,0,,
4/7/2009,,0,0,,
4/8/2009,,0,0,,
4/9/2009,,0,0,,
4/10/2009,,0,0,,
4/11/2009,,9.62,10.38,,
4/12/2009,,0,0,,
4/13/2009,,0,0,,
4/14/2009,,0,0,,
4/15/2009,,0,0,,
4/16/2009,,0,0,,
4/17/2009,,0,0,,
4/18/2009,,0,0,,
4/19/2009,,0,0,,
4/20/2009,,0,0,,
4/21/2009,,0,0,,
4/22/2009,,0,0,,
4/23/2009,,0,0,,
4/24/2009,,0,0,,
4/25/2009,,0,0,,
4/26/2009,,0,0,,
4/27/2009,,0,0,,
4/28/2009,,0,0,,
4/29/2009,,0,0,,
4/30/2009,,0,0,,
5/1/2009,,0,0,,
5/2/2009,,0,0,,
5/3/2009,,0,0,,
5/4/2009,,0,0,,
5/5/2009,,0,0,,
5/6/2009,,0,0,,
5/7/2009,,0,0,,
5/8/2009,,0,0,,
5/9/2009,,0,0,,
5/10/2009,,0,0,,
5/11/2009,,0,0,,
5/12/2009,,0,0,,
5/13/2009,,0,0,,
5/14/2009,,0,0,,
5/15/2009,,0,0,,
5/16/2009,,0,0,,
5/17/2009,,0,0,,
5/18/2009,,0,0,,
5/19/2009,,0,0,,
5/20/2009,,0,0,,
5/21/2009,,8.61,10.14,,
5/22/2009,,2.26,2.26,,
5/23/2009,,0,0,,
5/24/2009,,0,0,,
5/25/2009,,0,0,,
5/26/2009,,0,0,,
5/27/2009,,0,0,,
5/28/2009,,0,0,,
5/29/2009,,0,0,,
5/30/2009,,0,0,,
5/31/2009,,0,0,,
6/1/2009,,0,0,,
6/2/2009,,0,0,,
6/3/2009,,0,0,,
6/4/2009,,0,0,,
6/5/2009,,0,0,,
6/6/2009,,0,0,,
6/7/2009,,0,0,,
6/8/2009,,0,0,,
6/9/2009,,0,0,,
6/10/2009,,0,0,,
6/11/2009,,0,0,,
6/12/2009,,0,0,,
6/13/2009,,0,0,,
6/14/2009,,0,0,,
6/15/2009,,0,0,,
6/16/2009,,0,0,,
6/17/2009,,0,0,,
6/18/2009,,0,0,,
6/19/2009,,1,1,,
6/20/2009,,0,0,,
6/21/2009,,0,0,,
6/22/2009,,0,0,,
6/23/2009,,0,0,,
6/24/2009,,0,0,,
6/25/2009,,0,0.25,,
6/26/2009,,0,0,,
6/27/2009,,0,0.25,,
6/28/2009,,0,0,,
6/29/2009,,0,0,,
6/30/2009,,0,0,,
7/1/2009,,0,0,,
7/2/2009,,8.63,7.11,,
7/3/2009,,7.86,11.93,,
7/4/2009,,7.87,7.87,,
7/5/2009,,0,0,,
7/6/2009,,0,0,,
7/7/2009,,0,0,,
7/8/2009,,11.17,7.87,,
7/9/2009,,0,,,
7/10/2009,,2.03,,,
7/11/2009,,0,,,
7/12/2009,,0,,,
7/13/2009,,0,,,
7/14/2009,,0,,,
7/15/2009,,0,,,
7/16/2009,,1.02,,,
7/17/2009,,1.27,,,
7/18/2009,,0,,,
7/19/2009,,2.28,,,
7/20/2009,,0,,,
7/21/2009,,0.5,,,
7/22/2009,,1.52,,,
7/23/2009,,0,,,
7/24/2009,,0,,,
7/25/2009,,0,,,
7/26/2009,,0,,,
7/27/2009,,0,,,
7/28/2009,,0,,,
7/29/2009,,0,,,
7/30/2009,,0,,,
7/31/2009,,0,,,
8/1/2009,,0,,,
8/2/2009,,0,,,
8/3/2009,,0,,,
8/4/2009,,0,,,
8/5/2009,,2.03,,,
8/6/2009,,0,,,
8/7/2009,,0,,,
8/8/2009,,0,,,
8/9/2009,,0,,,
8/10/2009,,0,,,
8/11/2009,,0,,,
8/12/2009,,0.75,,,
8/13/2009,,2.77,,,
8/14/2009,,0,,,
8/15/2009,,0,,,
8/16/2009,,0,,,
8/17/2009,,0,,,
8/18/2009,,0,,,
8/19/2009,,0,,,
8/20/2009,,0,,,
8/21/2009,,1.01,,,
8/22/2009,,3.8,,,
8/23/2009,,0,,,
8/24/2009,,0,,,
8/25/2009,,0.76,,,
8/26/2009,,0,,,
8/27/2009,,0,,,
8/28/2009,,0,,,
8/29/2009,,0,,,
8/30/2009,,0,,,
8/31/2009,,0,,,
9/1/2009,,0,,,
9/2/2009,,0,,,
9/3/2009,,0.25,,,
9/4/2009,,0,,,
9/5/2009,,0,,,
9/6/2009,,1.52,,,
9/7/2009,,0,,,
9/8/2009,,7.61,,,
9/9/2009,,0,,,
9/10/2009,,0,,,
9/11/2009,,0,,,
9/12/2009,,0.51,,,
9/13/2009,,0,,,
9/14/2009,,0,,,
9/15/2009,,0,,,
9/16/2009,,0,,,
9/17/2009,,0,,,
9/18/2009,,0,,,
9/19/2009,,0,,,
9/20/2009,,0,,,
9/21/2009,,0,,,
9/22/2009,,0,,,
9/23/2009,,0,,,
9/24/2009,,0,,,
9/25/2009,,0,,,
9/26/2009,,0,,,
9/27/2009,,0,,,
9/28/2009,,0,,,
9/29/2009,,0,,,
9/30/2009,,0,,,
10/1/2009,,0,,,
10/2/2009,,0,,,
10/3/2009,,0.5,,,
10/4/2009,,0,,,
10/5/2009,,0,,,
10/6/2009,,0,,,
10/7/2009,,0,,,
10/8/2009,,0,,,
10/9/2009,,0,,,
10/10/2009,,0,,,
10/11/2009,,0,,,
10/12/2009,,0,,,
10/13/2009,,0,,,
10/14/2009,,0,,,
10/15/2009,,0,,,
10/16/2009,,0,,,
10/17/2009,,0,,,
10/18/2009,,0,,,
10/19/2009,,0,,,
10/20/2009,,0,,,
10/21/2009,,0,,,
10/22/2009,,0,,,
10/23/2009,,0,,,
10/24/2009,,0,,,
10/25/2009,,0,,,
10/26/2009,,0,,,
10/27/2009,,0,,,
10/28/2009,,0,,,
10/29/2009,,0,,,
10/30/2009,,0,,,
10/31/2009,,0,,,
11/1/2009,,0,,,
11/2/2009,,0,,,
11/3/2009,,0,,,
11/4/2009,,0,,,
11/5/2009,,0,,,
11/6/2009,,0,,,
11/7/2009,,0,,,
11/8/2009,,0,,,
11/9/2009,,0,,,
11/10/2009,,0,,,
11/11/2009,,0,,,
11/12/2009,,0,,,
11/13/2009,,0,,,
11/14/2009,,0.5,,,
11/15/2009,,0,,,
11/16/2009,,0,,,
11/17/2009,,0,,,
11/18/2009,,0,,,
11/19/2009,,0,,,
11/20/2009,,0,,,
11/21/2009,,0,,,
11/22/2009,,0,,,
11/23/2009,,0,,,
11/24/2009,,0,,,
11/25/2009,,0,,,
11/26/2009,,0,,,
11/27/2009,,0,,,
11/28/2009,,0,,,
11/29/2009,,3.28,,,
11/30/2009,,0.25,,,
12/1/2009,,0,,,
12/2/2009,,0,,,
12/3/2009,,0,,,
12/4/2009,,0.51,,,
12/5/2009,,,,,
12/6/2009,,,,,
12/7/2009,,1.52,,,
12/8/2009,,2.79,,,
12/9/2009,,0,,,
12/10/2009,,0,,,
12/11/2009,,0,,,
12/12/2009,,0,,,
12/13/2009,,0,,,
12/14/2009,,0,,,
12/15/2009,,0,,,
12/16/2009,,0,,,
12/17/2009,,0,,,
12/18/2009,,0,,,
12/19/2009,,0,,,
12/20/2009,,0,,,
12/21/2009,,0,,,
12/22/2009,,9.64,,,
12/23/2009,,0,,,
12/24/2009,,0,,,
12/25/2009,,0,,,
12/26/2009,,0,,,
12/27/2009,,0,,,
12/28/2009,,0,0,,
12/29/2009,,0,0,,
12/30/2009,,0,0,,
12/31/2009,,0,0,,
1/1/2010,,0,0,,
1/2/2010,,0,0,,
1/3/2010,,0,0,,
1/4/2010,,0,0,,
1/5/2010,,0,0,,
1/6/2010,,0,0,,
1/7/2010,,0,0,,
1/8/2010,,0,0,,
1/9/2010,,0,0,,
1/10/2010,,0,0,,
1/11/2010,,0,0,,
1/12/2010,,0,0,,
1/13/2010,,0,0,,
1/14/2010,,0,0,,
1/15/2010,,0,0,,
1/16/2010,,0,0,,
1/17/2010,,0,0,,
1/18/2010,,0,0,,
1/19/2010,,0.5,0.76,,
1/20/2010,,10.68,11.93,,
1/21/2010,,6.1,6.6,,
1/22/2010,,23.6,25.87,,
1/23/2010,,5.82,5.31,,
1/24/2010,,0,0,,
1/25/2010,,0,0,,
1/26/2010,,0,0,,
1/27/2010,,2.03,3.03,,
1/28/2010,,1.51,2.01,,
1/29/2010,,0,0,,
1/30/2010,,0,0,,
1/31/2010,,0,0,,
2/1/2010,,0,0,,
2/2/2010,,0,0,,
2/3/2010,,0.25,0.5,,
2/4/2010,,0,0,,
2/5/2010,,0,0,,
2/6/2010,,0,0,,
2/7/2010,,13.43,12.95,,
2/8/2010,,0,0,,
2/9/2010,,0,0,,
2/10/2010,,6.57,7.34,,
2/11/2010,,0.25,0.25,,
2/12/2010,,0,0,,
2/13/2010,,0,0,,
2/14/2010,,0,0,,
2/15/2010,,0,0,,
2/16/2010,,0,0,,
2/17/2010,,0,0,,
2/18/2010,,0,0,,
2/19/2010,,0,0,,
2/20/2010,,9.9,11.43,,
2/21/2010,,0,0.25,,
2/22/2010,,5.07,4.06,,
2/23/2010,,0,0,,
2/24/2010,,0,0,,
2/25/2010,,0,0,,
2/26/2010,,0,0,,
2/27/2010,,0,0,,
2/28/2010,,22.3,23.8,,
3/1/2010,,0,0,,
3/2/2010,,0,0,,
3/3/2010,,0,0,,
3/4/2010,,0,0,,
3/5/2010,,0,0,,
3/6/2010,,0,0,,
3/7/2010,,8.37,9.13,,
3/8/2010,,1.75,2,,
3/9/2010,,3.56,3.04,,
3/10/2010,,0,0,,
3/11/2010,,1.27,1.26,,
3/12/2010,,0,0,,
3/13/2010,,0,0,,
3/14/2010,,0,0,,
3/15/2010,,0,0,,
3/16/2010,,0,0,,
3/17/2010,,0,0,,
3/18/2010,,0,0,,
3/19/2010,,0,0,,
3/20/2010,,0,0,,
3/21/2010,,0,0,,
3/22/2010,,0,0,,
3/23/2010,,1.26,1.01,,
3/24/2010,,0,0,,
3/25/2010,,0,0,,
3/26/2010,,0,0,,
3/27/2010,,0,0,,
3/28/2010,,0,0,,
3/29/2010,,0,0,,
3/30/2010,,0,0,,
3/31/2010,,0,0,,
4/1/2010,,0,0,,
4/2/2010,,0,0,,
4/3/2010,,0,0,,
4/4/2010,,0,0,,
4/5/2010,,0,0,,
4/6/2010,,0,0,,
4/7/2010,,0,0,,
4/8/2010,,0,0,,
4/9/2010,,0,0,,
4/10/2010,,0,0,,
4/11/2010,,0,0,,
4/12/2010,,0,0,,
4/13/2010,,0,0,,
4/14/2010,,0,0,,
4/15/2010,,0,0,,
4/16/2010,,0,0,,
4/17/2010,,0,0,,
4/18/2010,,0,0,,
4/19/2010,,0,0,,
4/20/2010,,0,0,,
4/21/2010,,0,0,,
4/22/2010,,0.25,0,,
4/23/2010,,2,2,,
4/24/2010,,0,0,,
4/25/2010,,0,0,,
4/26/2010,,0,0,,
4/27/2010,,0,0,,
4/28/2010,,0,0,,
4/29/2010,,0,0,,
4/30/2010,,0,0,,
5/1/2010,,0,0,,
5/2/2010,,0.25,0,,
5/3/2010,,,0,,
5/4/2010,,,0,,
5/5/2010,,,0,,
5/6/2010,,,0,,
5/7/2010,,,0,,
5/8/2010,,,0,,
5/9/2010,,,0,,
5/10/2010,,0,0,,
5/11/2010,,0,0,,
5/12/2010,,0,0,,
5/13/2010,,0,0,,
5/14/2010,,0,0,,
5/15/2010,,0,0,,
5/16/2010,,0,0,,
5/17/2010,,0,0,,
5/18/2010,,0,0,,
5/19/2010,,0,0,,
5/20/2010,,0,0,,
5/21/2010,,0,0,,
5/22/2010,,0,0,,
5/23/2010,,0,0,,
5/24/2010,,0,0,,
5/25/2010,,0,0,,
5/26/2010,,0,,,
5/27/2010,,0,,,
5/28/2010,,0,,,
5/29/2010,,0,,,
5/30/2010,,0,,,
5/31/2010,,0,,,
6/1/2010,,0,,,
6/2/2010,,0,,,
6/3/2010,,0,,,
6/4/2010,,0,,,
6/5/2010,,0,,,
6/6/2010,,0,,,
6/7/2010,,0,,,
6/8/2010,,0,,,
6/9/2010,,0,,,
6/10/2010,,0,,,
6/11/2010,,0,,,
6/12/2010,,0,,,
6/13/2010,,0,,,
6/14/2010,,0,,,
6/15/2010,,0,,,
6/16/2010,,0,,,
6/17/2010,,0,,,
6/18/2010,,0,,,
6/19/2010,,0,,,
6/20/2010,,0,,,
6/21/2010,,0,,,
6/22/2010,,0,,,
6/23/2010,,0,,,
6/24/2010,,0,,,
6/25/2010,,0,,,
6/26/2010,,0,,,
6/27/2010,,0,,,
6/28/2010,,0,,,
6/29/2010,,0,,,
6/30/2010,,0,,,
7/1/2010,,2.79,,,
7/2/2010,,0,,,
7/3/2010,,0,,,
7/4/2010,,0,,,
7/5/2010,,0,,,
7/6/2010,,0,,,
7/7/2010,,0,,,
7/8/2010,,0,,,
7/9/2010,,0,,,
7/10/2010,,0,,,
7/11/2010,,0.25,,,
7/12/2010,,0,,,
7/13/2010,,0,,,
7/14/2010,,0,,,
7/15/2010,,0,,,
7/16/2010,,0,,,
7/17/2010,,0,,,
7/18/2010,,0,,,
7/19/2010,,1.52,,,
7/20/2010,,1.5,,,
7/21/2010,,0,,,
7/22/2010,,0,,,
7/23/2010,,2.27,,,
7/24/2010,,0,,,
7/25/2010,,0,,,
7/26/2010,,0,,,
7/27/2010,,0.25,,,
7/28/2010,,0,,,
7/29/2010,,2.79,,,
7/30/2010,,15.97,,,
7/31/2010,,1.77,,,
8/1/2010,,0,,,
8/2/2010,,0,,,
8/3/2010,,0,,,
8/4/2010,,0,,,
8/5/2010,,0,,,
8/6/2010,,0,,,
8/7/2010,,3.55,,,
8/8/2010,,0.75,,,
8/9/2010,,0,,,
8/10/2010,,0,0,,
8/11/2010,,0,0,,
8/12/2010,,0,0,,
8/13/2010,,0,0,,
8/14/2010,,0,0,,
8/15/2010,,0,0,,
8/16/2010,,0,0,,
8/17/2010,,0,0,,
8/18/2010,,0,0,,
8/19/2010,,0,0,,
8/20/2010,,3.79,3.79,,
8/21/2010,,0,0,,
8/22/2010,,0,0,,
8/23/2010,,3.55,5.07,,
8/24/2010,,0,0,,
8/25/2010,,0.76,0.75,,
8/26/2010,,0,0,,
8/27/2010,,6.6,6.6,,
8/28/2010,,0,0,,
8/29/2010,,0,0,,
8/30/2010,,0,0,,
8/31/2010,,0,0,,
9/1/2010,,0,0,,
9/2/2010,,0,0,,
9/3/2010,,0,0,,
9/4/2010,,0,0,,
9/5/2010,,0,0,,
9/6/2010,,7.61,5.32,,
9/7/2010,,0,0,,
9/8/2010,,0,0,,
9/9/2010,,0,0,,
9/10/2010,,0,0,,
9/11/2010,,0,0,,
9/12/2010,,0,0,,
9/13/2010,,0,0,,
9/14/2010,,0,0,,
9/15/2010,,0,0,,
9/16/2010,,0,0,,
9/17/2010,,0,0,,
9/18/2010,,0,0,,
9/19/2010,,0,0,,
9/20/2010,,1.02,0,,
9/21/2010,,2.53,8.37,,
9/22/2010,,0,0,,
9/23/2010,,0,0,,
9/24/2010,,0,0,,
9/25/2010,,0,0,,
9/26/2010,,0,0,,
9/27/2010,,0,0,,
9/28/2010,,0,0,,
9/29/2010,,0,0,,
9/30/2010,,0,0,,
10/1/2010,,21.59,21.59,,
10/2/2010,,0,0,,
10/3/2010,,0,0,,
10/4/2010,,27.17,24.11,,
10/5/2010,,0,0.25,,
10/6/2010,,0,0,,
10/7/2010,,0,0,,
10/8/2010,,0,0,,
10/9/2010,,0,0,,
10/10/2010,,0,0,,
10/11/2010,,0,0,,
10/12/2010,,0,0,,
10/13/2010,,0,0,,
10/14/2010,,0.5,0.75,,
10/15/2010,,0,0,,
10/16/2010,,0,0,,
10/17/2010,,0,0,,
10/18/2010,,0,0,,
10/19/2010,,0,0,,
10/20/2010,,0,0,,
10/21/2010,,5.34,2.01,,
10/22/2010,,0,0,,
10/23/2010,,0,0,,
10/24/2010,,0,0,,
10/25/2010,,0,0,,
10/26/2010,,0,0,,
10/27/2010,,0,0,,
10/28/2010,,0,0,,
10/29/2010,,0,0,,
10/30/2010,,0,0,,
10/31/2010,,0,0,,
11/1/2010,,0,0,,
11/2/2010,,0,0,,
11/3/2010,,0,0,,
11/4/2010,,0,0,,
11/5/2010,,0,0,,
11/6/2010,,0,0,,
11/7/2010,,0,0,,
11/8/2010,,0,0,,
11/9/2010,,0,0,,
11/10/2010,,0,0,,
11/11/2010,,0,0,,
11/12/2010,,0,0,,
11/13/2010,,0,0,,
11/14/2010,,0,0,,
11/15/2010,,0,0,,
11/16/2010,,0,0,,
11/17/2010,,0,0,,
11/18/2010,,0,0,,
11/19/2010,,0,0,,
11/20/2010,,0,0,,
11/21/2010,,0,0,,
11/22/2010,,0,0,,
11/23/2010,,0,0,,
11/24/2010,,0,0,,
11/25/2010,,0,0,,
11/26/2010,,0,0,,
11/27/2010,,0,0,,
11/28/2010,,0,0,,
11/29/2010,,0,0,,
11/30/2010,,0,0,,
12/1/2010,,0,0,,
12/2/2010,,0,0,,
12/3/2010,,0,0,,
12/4/2010,,0,0,,
12/5/2010,,0,0,,
12/6/2010,,0,0,,
12/7/2010,,0,0,,
12/8/2010,,0,0,,
12/9/2010,,0,0,,
12/10/2010,,0,0,,
12/11/2010,,0,0,,
12/12/2010,,0,0,,
12/13/2010,,0,0,,
12/14/2010,,0,0,,
12/15/2010,,0,0,,
12/16/2010,,5.57,5.82,,
12/17/2010,,0.25,0,,
12/18/2010,,0,0,,
12/19/2010,,0,0,,
12/20/2010,,0,0,,
12/21/2010,,0,0,,
12/22/2010,,0.5,0.25,,
12/23/2010,,3.03,3.27,,
12/24/2010,,0,0,,
12/25/2010,,0,0,,
12/26/2010,,0,0,,
12/27/2010,,0,0,,
12/28/2010,,0,0,,
12/29/2010,,4.82,5.07,,
12/30/2010,,8.11,8.62,,
12/31/2010,,0,0,,
1/1/2011,,0,0,,
1/2/2011,,0,0,,
1/3/2011,,0,0,,
1/4/2011,,0,0,,
1/5/2011,,0,0,,
1/6/2011,,0,0,,
1/7/2011,,0,0,,
1/8/2011,,0,0,,
1/9/2011,,0,0,,
1/10/2011,,0,0,,
1/11/2011,,0,0,,
1/12/2011,,0,0,,
1/13/2011,,0,0,,
1/14/2011,,0,0,,
1/15/2011,,0,0,,
1/16/2011,,0,0,,
1/17/2011,,0,0,,
1/18/2011,,0,0,,
1/19/2011,,0,0,,
1/20/2011,,0,0,,
1/21/2011,,0,0,,
1/22/2011,,0,0,,
1/23/2011,,0,0,,
1/24/2011,,0,0,,
1/25/2011,,0,0,,
1/26/2011,,0,0,,
1/27/2011,,0,0,,
1/28/2011,,0,0,,
1/29/2011,,0,0,,
1/30/2011,,0,0,,
1/31/2011,,0,0,,
2/1/2011,,0,0,,
2/2/2011,,0,0,,
2/3/2011,,0,0,,
2/4/2011,,0,0,,
2/5/2011,,0,0,,
2/6/2011,,0,0,,
2/7/2011,,0,0,,
2/8/2011,,0,0,,
2/9/2011,,0,0,,
2/10/2011,,0,0,,
2/11/2011,,0,0,,
2/12/2011,,0,0,,
2/13/2011,,0,0,,
2/14/2011,,0,0,,
2/15/2011,,0,0,,
2/16/2011,,0,0,,
2/17/2011,,0,0,,
2/18/2011,,0,0,,
2/19/2011,,0,0,,
2/20/2011,,1.01,1.52,,
2/21/2011,,0,0,,
2/22/2011,,0,0,,
2/23/2011,,0,0,,
2/24/2011,,0,0,,
2/25/2011,,0,0,,
2/26/2011,,0,0,,
2/27/2011,,6.84,6.34,,
2/28/2011,,0,0,,
3/1/2011,,0,0,,
3/2/2011,,0,0,,
3/3/2011,,0,0,,
3/4/2011,,0,0,,
3/5/2011,,0,0,,
3/6/2011,,0,0,,
3/7/2011,,0,0,,
3/8/2011,,0,0,,
3/9/2011,,0,0,,
3/10/2011,,0,0,,
3/11/2011,,0,0,,
3/12/2011,,0,0,,
3/13/2011,,0,0,,
3/14/2011,,0,0,,
3/15/2011,,0,0,,
3/16/2011,,0,0,,
3/17/2011,,0,0,,
3/18/2011,,0,0,,
3/19/2011,,0,0,,
3/20/2011,,0,0,,
3/21/2011,,0.76,1.25,,
3/22/2011,,0.25,0,,
3/23/2011,,0,0,,
3/24/2011,,0,0,,
3/25/2011,,0,0,,
3/26/2011,,0,0,,
3/27/2011,,0,0,,
3/28/2011,,0,0,,
3/29/2011,,0,0,,
3/30/2011,,0,0,,
3/31/2011,,0,0,,
4/1/2011,,0,0,,
4/2/2011,,0,0,,
4/3/2011,,0,0,,
4/4/2011,,0,0,,
4/5/2011,,0,0,,
4/6/2011,,0,0,,
4/7/2011,,0,0,,
4/8/2011,,0,0,,
4/9/2011,,8.33,8.57,,
4/10/2011,,0,0,,
4/11/2011,,0,0,,
4/12/2011,,0,0,,
4/13/2011,,0,0,,
4/14/2011,,0,0,,
4/15/2011,,0,0,,
4/16/2011,,0,0,,
4/17/2011,,0,0,,
4/18/2011,,0,0,,
4/19/2011,,0,0,,
4/20/2011,,0,0,,
4/21/2011,,0,0,,
4/22/2011,,0,0,,
4/23/2011,,0,0,,
4/24/2011,,0,0,,
4/25/2011,,0,0,,
4/26/2011,,0,0,,
4/27/2011,,0,0,,
4/28/2011,,0,0,,
4/29/2011,,0,0,,
4/30/2011,,0,0,,
5/1/2011,,0,0,,
5/2/2011,,0,0,,
5/3/2011,,0,0,,
5/4/2011,,0,0,,
5/5/2011,,0,0,,
5/6/2011,,0,0,,
5/7/2011,,0,0,,
5/8/2011,,0,0,,
5/9/2011,,0,0,,
5/10/2011,,0,0,,
5/11/2011,,0,0,,
5/12/2011,,0,0,,
5/13/2011,,0,0,,
5/14/2011,,0,0,,
5/15/2011,,0,0,,
5/16/2011,,0,0,,
5/17/2011,,0,0,,
5/18/2011,,0,0,,
5/19/2011,,0,0,,
5/20/2011,,0,0,,
5/21/2011,,0,0,,
5/22/2011,,0,0,,
5/23/2011,,0,0,,
5/24/2011,,0,0,,
5/25/2011,,0,0,,
5/26/2011,,0,0,,
5/27/2011,,0,0,,
5/28/2011,,0,0,,
5/29/2011,,0,0,,
5/30/2011,,0,0,,
5/31/2011,,0,0,,
6/1/2011,,0,0,,
6/2/2011,,0,0,,
6/3/2011,,0,0,,
6/4/2011,,0,0,,
6/5/2011,,0,0,,
6/6/2011,,0,0,,
6/7/2011,,0,0,,
6/8/2011,,0,0,,
6/9/2011,,0,0,,
6/10/2011,,0,0,,
6/11/2011,,0,0,,
6/12/2011,,0,0,,
6/13/2011,,0,0,,
6/14/2011,,0,0,,
6/15/2011,,0,0,,
6/16/2011,,0,0,,
6/17/2011,,0,0,,
6/18/2011,,0,0,,
6/19/2011,,0,0,,
6/20/2011,,0,0,,
6/21/2011,,0,0,,
6/22/2011,,0,0,,
6/23/2011,,0,0,,
6/24/2011,,0,0,,
6/25/2011,,0,0,,
6/26/2011,,0,0,,
6/27/2011,,0,0,,
6/28/2011,,0,0,,
6/29/2011,,0,0,,
6/30/2011,,7.62,7.87,,
7/1/2011,,0,0,,
7/2/2011,,0,0,,
7/3/2011,,4.82,3.3,,
7/4/2011,,8.13,5.84,,
7/5/2011,,3.8,3.04,,
7/6/2011,,0,0,,
7/7/2011,,0,0,,
7/8/2011,,0,0,,
7/9/2011,,0,0,,
7/10/2011,,0,0,,
7/11/2011,,0,0,,
7/12/2011,,0,0,,
7/13/2011,,0,0,,
7/14/2011,,0,0,,
7/15/2011,,0,0,,
7/16/2011,,0,0,,
7/17/2011,,0.76,0.51,,
7/18/2011,,0,0,,
7/19/2011,,2.52,2.02,,
7/20/2011,,0.5,0.5,,
7/21/2011,,0.25,0,,
7/22/2011,,0,0,,
7/23/2011,,0,0,,
7/24/2011,,5.82,6.08,,
7/25/2011,,9.4,3.81,,
7/26/2011,,0,0,,
7/27/2011,,0,0,,
7/28/2011,,0,0,,
7/29/2011,,0,0,,
7/30/2011,,1.26,1.78,,
7/31/2011,,0,0,,
8/1/2011,,0,0,,
8/2/2011,,5.84,4.06,,
8/3/2011,,1.25,1.25,,
8/4/2011,,0,0.25,,
8/5/2011,,0.51,0.25,,
8/6/2011,,0,0,,
8/7/2011,,0,0,,
8/8/2011,,0,0,,
8/9/2011,,0,0,,
8/10/2011,,0,0,,
8/11/2011,,0,0,,
8/12/2011,,0,0,,
8/13/2011,,0,0,,
8/14/2011,,0,0,,
8/15/2011,,1.78,1.78,,
8/16/2011,,0,0,,
8/17/2011,,0,0,,
8/18/2011,,12.94,11.15,,
8/19/2011,,0,0,,
8/20/2011,,0,0,,
8/21/2011,,0,0,,
8/22/2011,,0,0,,
8/23/2011,,0,0,,
8/24/2011,,0,0,,
8/25/2011,,0,0,,
8/26/2011,,0,0,,
8/27/2011,,0,0,,
8/28/2011,,0,0,,
8/29/2011,,0,0,,
8/30/2011,,0,0,,
8/31/2011,,0,0,,
9/1/2011,,0,0,,
9/2/2011,,0,0,,
9/3/2011,,0,0,,
9/4/2011,,0,0,,
9/5/2011,,0,0,,
9/6/2011,,1.77,2.54,,
9/7/2011,,0,0,,
9/8/2011,,0,0,,
9/9/2011,,4.55,4.81,,
9/10/2011,,24.9,16.25,,
9/11/2011,,0,9.26,,
9/12/2011,,6.59,4.5,,
9/13/2011,,4.57,2,,
9/14/2011,,0.25,1,,
9/15/2011,,0,0.25,,
9/16/2011,,0,0.25,,
9/17/2011,,0,0,,
9/18/2011,,0,0,,
9/19/2011,,0,0,,
9/20/2011,,0,0,,
9/21/2011,,0,0,,
9/22/2011,,0,0,,
9/23/2011,,0,0,,
9/24/2011,,0,0,,
9/25/2011,,0,0,,
9/26/2011,,0,0,,
9/27/2011,,5.08,3.02,,
9/28/2011,,0,0,,
9/29/2011,,0,0,,
9/30/2011,,0,0,,
10/1/2011,,0.25,0.25,,
10/2/2011,,3.55,3.27,,
10/3/2011,,0,0.25,,
10/4/2011,,0,0,,
10/5/2011,,0,0,,
10/6/2011,,0.25,0.25,,
10/7/2011,,0,0,,
10/8/2011,,0,0,,
10/9/2011,,0,0,,
10/10/2011,,0,0,,
10/11/2011,,0,0,,
10/12/2011,,0,0,,
10/13/2011,,0,0,,
10/14/2011,,0,0,,
10/15/2011,,0,0,,
10/16/2011,,0,0,,
10/17/2011,,0,0,,
10/18/2011,,0,0,,
10/19/2011,,0,0,,
10/20/2011,,0,0,,
10/21/2011,,0,0,,
10/22/2011,,0,0,,
10/23/2011,,0,0,,
10/24/2011,,0,0,,
10/25/2011,,0,0,,
10/26/2011,,0,0,,
10/27/2011,,0,0,,
10/28/2011,,0,0,,
10/29/2011,,0,0,,
10/30/2011,,0,0,,
10/31/2011,,0,0,,
11/1/2011,,0,0,,
11/2/2011,,0,0,,
11/3/2011,,0,0,,
11/4/2011,,0,0,,
11/5/2011,,5.84,5.04,,
11/6/2011,,0,0,,
11/7/2011,,6.36,6.03,,
11/8/2011,,0,0,,
11/9/2011,,0,0,,
11/10/2011,,0,0,,
11/11/2011,,0,0,,
11/12/2011,,0,0,,
11/13/2011,,10.17,5.78,,
11/14/2011,,5.82,10.29,,
11/15/2011,,0,0,,
11/16/2011,,0,0,,
11/17/2011,,0,0,,
11/18/2011,,0,0,,
11/19/2011,,0,0,,
11/20/2011,,0,0,,
11/21/2011,,0,0,,
11/22/2011,,0,0,,
11/23/2011,,0,0,,
11/24/2011,,0,0,,
11/25/2011,,1.52,3.01,,
11/26/2011,,0,0,,
11/27/2011,,0,0,,
11/28/2011,,0,0,,
11/29/2011,,0,0,,
11/30/2011,,0,0,,
12/1/2011,,0,0,,
12/2/2011,,6.06,5.51,,
12/3/2011,,0.25,0,,
12/4/2011,,5.04,4,,
12/5/2011,,0,1.25,,
12/6/2011,,0,0,,
12/7/2011,,0,0,,
12/8/2011,,0,0,,
12/9/2011,,0,0,,
12/10/2011,,0,0,,
12/11/2011,,0,0,,
12/12/2011,,3.55,4.56,,
12/13/2011,,15.21,17.25,,
12/14/2011,,12.93,11.88,,
12/15/2011,,0,0,,
12/16/2011,,0,0,,
12/17/2011,,0,0,,
12/18/2011,,0,0.75,,
12/19/2011,,5.31,3.28,,
12/20/2011,,0,0,,
12/21/2011,,0,0,,
12/22/2011,,0,0,,
12/23/2011,,0,0,,
12/24/2011,,0,0,,
12/25/2011,,0,0,,
12/26/2011,,0,0,,
12/27/2011,,0,0,,
12/28/2011,,0,0,,
12/29/2011,,,,,
12/30/2011,,,,,
12/31/2011,,,,,
1/1/2012,,,,,
1/2/2012,,,,,
1/3/2012,,,,,
1/4/2012,,,,,
1/5/2012,,,,,
1/6/2012,,,,,
1/7/2012,,,,,
1/8/2012,,,,,
1/9/2012,,,,,
1/10/2012,,,,,
1/11/2012,,,,,
1/12/2012,,,,,
1/13/2012,,,,,
1/14/2012,,,,,
1/15/2012,,,,,
1/16/2012,,,,,
1/17/2012,,,,,
1/18/2012,,,,,
1/19/2012,,,,,
1/20/2012,,,,,
1/21/2012,,,,,
1/22/2012,,,,,
1/23/2012,,,,,
1/24/2012,,,,,
1/25/2012,,,,,
1/26/2012,,,,,
1/27/2012,,,,,
1/28/2012,,,,,
1/29/2012,,,,,
1/30/2012,,,,,
1/31/2012,,,,,
2/1/2012,,,,,
2/2/2012,,,,,
2/3/2012,,,,,
2/4/2012,,,,,
2/5/2012,,,,,
2/6/2012,,,,,
2/7/2012,,,,,
2/8/2012,,,,,
2/9/2012,,,,,
2/10/2012,,,,,
2/11/2012,,,,,
2/12/2012,,,,,
2/13/2012,,,,,
2/14/2012,,,,,
2/15/2012,,,,,
2/16/2012,,,,,
2/17/2012,,,,,
2/18/2012,,,,,
2/19/2012,,,,,
2/20/2012,,,,,
2/21/2012,,,,,
2/22/2012,,,,,
2/23/2012,,,,,
2/24/2012,,,,,
2/25/2012,,,,,
2/26/2012,,,,,
2/27/2012,,,,,
2/28/2012,,,,,
2/29/2012,,,,,
3/1/2012,,,,,
3/2/2012,,,,,
3/3/2012,,,,,
3/4/2012,,,,,
3/5/2012,,0,0,,
3/6/2012,,0,0,,
3/7/2012,,0,0,,
3/8/2012,,0,0,,
3/9/2012,,0,0,,
3/10/2012,,0,0,,
3/11/2012,,0,0,,
3/12/2012,,0,0,,
3/13/2012,,0,0,,
3/14/2012,,0,0,,
3/15/2012,,0,0,,
3/16/2012,,0,0,,
3/17/2012,,0,0,,
3/18/2012,,8.33,7.58,,
3/19/2012,,1.26,0.75,,
3/20/2012,,0,0,,
3/21/2012,,0,0,,
3/22/2012,,0,0,,
3/23/2012,,0,0,,
3/24/2012,,0,0,,
3/25/2012,,0,0,,
3/26/2012,,0,0,,
3/27/2012,,0,0,,
3/28/2012,,0,0,,
3/29/2012,,0,0,,
3/30/2012,,0,0,,
3/31/2012,,0,0,,
4/1/2012,,0,0,,
4/2/2012,,0,0,,
4/3/2012,,0,0,,
4/4/2012,,0,0,,
4/5/2012,,0,0,,
4/6/2012,,0,0,,
4/7/2012,,0,0,,
4/8/2012,,0,0,,
4/9/2012,,0,0,,
4/10/2012,,0,0,,
4/11/2012,,0,0,,
4/12/2012,,0,0,,
4/13/2012,,0,0,,
4/14/2012,,3.28,2.27,,
4/15/2012,,0,0,,
4/16/2012,,0,0,,
4/17/2012,,0,0,,
4/18/2012,,0,0,,
4/19/2012,,0,0,,
4/20/2012,,0,0,,
4/21/2012,,0,0,,
4/22/2012,,0,0,,
4/23/2012,,0,0,,
4/24/2012,,0,0,,
4/25/2012,,0,0,,
4/26/2012,,0,0,,
4/27/2012,,0,0,,
4/28/2012,,0,0,,
4/29/2012,,0,0,,
4/30/2012,,0,0,,
5/1/2012,,0,0,,
5/2/2012,,0,0,,
5/3/2012,,0,0,,
5/4/2012,,0,0,,
5/5/2012,,0,0,,
5/6/2012,,0,0,,
5/7/2012,,0,0,,
5/8/2012,,0,0,,
5/9/2012,,0,0,,
5/10/2012,,0,0,,
5/11/2012,,0,0,,
5/12/2012,,0,0,,
5/13/2012,,0,0,,
5/14/2012,,0,0,,
5/15/2012,,0,0,,
5/16/2012,,0,0,,
5/17/2012,,0,0,,
5/18/2012,,0,0,,
5/19/2012,,0,0,,
5/20/2012,,0,0,,
5/21/2012,,0,0,,
5/22/2012,,0,0,,
5/23/2012,,0,0,,
5/24/2012,,0,0,,
5/25/2012,,0,0,,
5/26/2012,,0,0,,
5/27/2012,,0,0,,
5/28/2012,,0,0,,
5/29/2012,,0,0,,
5/30/2012,,0,0,,
5/31/2012,,0,0,,
6/1/2012,,0,0,,
6/2/2012,,0,0,,
6/3/2012,,0,0,,
6/4/2012,,0,0,,
6/5/2012,,0,0,,
6/6/2012,,0,0,,
6/7/2012,,0,0,,
6/8/2012,,0,0,,
6/9/2012,,0,0,,
6/10/2012,,0,0,,
6/11/2012,,0,0,,
6/12/2012,,0,0,,
6/13/2012,,0,0,,
6/14/2012,,0,0,,
6/15/2012,,0,0,,
6/16/2012,,16.26,8.08,,
6/17/2012,,0,2.25,,
6/18/2012,,0,0,,
6/19/2012,,0,0,,
6/20/2012,,0,0,,
6/21/2012,,0,0,,
6/22/2012,,0,0,,
6/23/2012,,0,0,,
6/24/2012,,0,0,,
6/25/2012,,0,0,,
6/26/2012,,0,0,,
6/27/2012,,0.25,0,,
6/28/2012,,0,0,,
6/29/2012,,0,0,,
6/30/2012,,0,0,,
7/1/2012,,0,0,,
7/2/2012,,0,0,,
7/3/2012,,7.87,2.27,,
7/4/2012,,12.93,6.25,,
7/5/2012,,0,3.25,,
7/6/2012,,0,1,,
7/7/2012,,0,0,,
7/8/2012,,0,0,,
7/9/2012,,0,0,,
7/10/2012,,11.94,14.74,,
7/11/2012,,1.78,0.25,,
7/12/2012,,0,0,,
7/13/2012,,0,0,,
7/14/2012,,2.03,2.03,,
7/15/2012,,20.31,20.05,,
7/16/2012,,0,0,,
7/17/2012,,0,0,,
7/18/2012,,0,0,,
7/19/2012,,0,0,,
7/20/2012,,11.92,12.19,,
7/21/2012,,6.61,1.27,,
7/22/2012,,0.25,0.25,,
7/23/2012,,0,0,,
7/24/2012,,0,0,,
7/25/2012,,0,0,,
7/26/2012,,0,0,,
7/27/2012,,0,0,,
7/28/2012,,1.25,1.5,,
7/29/2012,,0.76,0.5,,
7/30/2012,,0,0,,
7/31/2012,,0,0,,
8/1/2012,,0,0,,
8/2/2012,,0,0.51,,
8/3/2012,,0,0,,
8/4/2012,,0,0,,
8/5/2012,,4.06,5.83,,
8/6/2012,,0,0,,
8/7/2012,,0,0,,
8/8/2012,,0,0,,
8/9/2012,,0,0,,
8/10/2012,,0,0,,
8/11/2012,,0,0.25,,
8/12/2012,,0,0,,
8/13/2012,,0,0,,
8/14/2012,,0,0,,
8/15/2012,,0,0,,
8/16/2012,,0,0,,
8/17/2012,,1.01,0.75,,
8/18/2012,,0,0,,
8/19/2012,,17.52,17.78,,
8/20/2012,,0,0,,
8/21/2012,,17,10.41,,
8/22/2012,,9.9,13.7,,
8/23/2012,,0.25,0.76,,
8/24/2012,,0,0,,
8/25/2012,,0,0,,
8/26/2012,,0,0,,
8/27/2012,,0,0,,
8/28/2012,,0,0,,
8/29/2012,,0,0,,
8/30/2012,,0,0,,
8/31/2012,,0,0,,
9/1/2012,,0,0,,
9/2/2012,,0,0,,
9/3/2012,,0,0,,
9/4/2012,,0,0,,
9/5/2012,,0,,,
9/6/2012,,0.5,,,
9/7/2012,,0,,,
9/8/2012,,0,,,
9/9/2012,,0,,,
9/10/2012,,1.26,,,
9/11/2012,,3.03,,,
9/12/2012,,0,,,
9/13/2012,,0,,,
9/14/2012,,0,,,
9/15/2012,,0,,,
9/16/2012,,0,,,
9/17/2012,,0,,,
9/18/2012,,0,,,
9/19/2012,,0,,,
9/20/2012,,0,,,
9/21/2012,,0,,,
9/22/2012,,0,,,
9/23/2012,,0,,,
9/24/2012,,0,,,
9/25/2012,,0,,,
9/26/2012,,0,,,
9/27/2012,,0,,,
9/28/2012,,0,,,
9/29/2012,,0,,,
9/30/2012,,0,,,
10/1/2012,,0,,,
10/2/2012,,0,,,
10/3/2012,,0,,,
10/4/2012,,0,,,
10/5/2012,,0,,,
10/6/2012,,0,,,
10/7/2012,,0,,,
10/8/2012,,0,,,
10/9/2012,,0,,,
10/10/2012,,0,,,
10/11/2012,,0,,,
10/12/2012,,0,,,
10/13/2012,,0,,,
10/14/2012,,0,,,
10/15/2012,,0,,,
10/16/2012,,0,,,
10/17/2012,,,,,
10/18/2012,,,,,
10/19/2012,,,,,
10/20/2012,,,,,
10/21/2012,,,,,
10/22/2012,,,,,
10/23/2012,,,,,
10/24/2012,,,,,
10/25/2012,,,,,
10/26/2012,,,,,
10/27/2012,,,,,
10/28/2012,,,,,
10/29/2012,,,,,
10/30/2012,,,,,
10/31/2012,,,,,
11/1/2012,,,,,
11/2/2012,,,,,
11/3/2012,,,,,
11/4/2012,,,,,
11/5/2012,,,,,
11/6/2012,,,,,
11/7/2012,,,,,
11/8/2012,,,,,
11/9/2012,,,,,
11/10/2012,,,,,
11/11/2012,,,,,
11/12/2012,,,,,
11/13/2012,,,,,
11/14/2012,,,,,
11/15/2012,,,,,
11/16/2012,,,,,
11/17/2012,,,,,
11/18/2012,,,,,
11/19/2012,,,,,
11/20/2012,,,,,
11/21/2012,,,,,
11/22/2012,,,,,
11/23/2012,,,,,
11/24/2012,,,,,
11/25/2012,,,,,
11/26/2012,,,,,
11/27/2012,,,,,
11/28/2012,,,,,
11/29/2012,,,,,
11/30/2012,,,,,
12/1/2012,,,,,
12/2/2012,,,,,
12/3/2012,,,,,
12/4/2012,,,,,
12/5/2012,,,,,
12/6/2012,,0,0,,
12/7/2012,,0,0,,
12/8/2012,,0,0,,
12/9/2012,,0,0,,
12/10/2012,,0,0,,
12/11/2012,,0,0,,
12/12/2012,,0,0,,
12/13/2012,,10.9,10.13,,
12/14/2012,,3.29,4.3,,
12/15/2012,,2.01,2.53,,
12/16/2012,,3.02,2.77,,
12/17/2012,,0,0,,
12/18/2012,,0,0,,
12/19/2012,,1.26,1.26,,
12/20/2012,,0,0,,
12/21/2012,,0,0,,
12/22/2012,,0,0,,
12/23/2012,,0,0,,
12/24/2012,,0,0,,
12/25/2012,,0,0,,
12/26/2012,,0,0,,
12/27/2012,,0,0,,
12/28/2012,,0,0,,
12/29/2012,,0,0,,
12/30/2012,,2.53,3.03,,
12/31/2012,,1.25,1.51,,
1/1/2013,,0,0,,
1/2/2013,,0,0,,
1/3/2013,,0,0,,
1/4/2013,,0,0,,
1/5/2013,,0,0,,
1/6/2013,,0,0,,
1/7/2013,,0,0,,
1/8/2013,,0,0,,
1/9/2013,,0,0,,
1/10/2013,,0,0,,
1/11/2013,,0.5,0.5,,
1/12/2013,,0,0,,
1/13/2013,,0,0,,
1/14/2013,,0,0,,
1/15/2013,,0,0,,
1/16/2013,,0,0,,
1/17/2013,,0,0,,
1/18/2013,,0,0,,
1/19/2013,,0,0,,
1/20/2013,,0,0,,
1/21/2013,,0,0,,
1/22/2013,,0,0,,
1/23/2013,,0,0,,
1/24/2013,,0.25,0.25,,
1/25/2013,,0,0,,
1/26/2013,,14.98,5.07,,
1/27/2013,,0,0,,
1/28/2013,,0.5,0.75,,
1/29/2013,,0,0,,
1/30/2013,,0,0,,
1/31/2013,,0,0,,
2/1/2013,,0,0,,
2/2/2013,,0,0,,
2/3/2013,,0,0,,
2/4/2013,,0,0,,
2/5/2013,,0,0,,
2/6/2013,,0,0,,
2/7/2013,,0,0,,
2/8/2013,,0,0,,
2/9/2013,,1.78,0,,
2/10/2013,,0,0,,
2/11/2013,,5.06,4.29,,
2/12/2013,,0.5,0,,
2/13/2013,,0,0,,
2/14/2013,,0,0,,
2/15/2013,,0,0,,
2/16/2013,,0,0,,
2/17/2013,,0,0,,
2/18/2013,,0,0,,
2/19/2013,,0,0,,
2/20/2013,,10.4,9.13,,
2/21/2013,,4.3,3.56,,
2/22/2013,,0,0,,
2/23/2013,,0,0,,
2/24/2013,,0,0,,
2/25/2013,,0,0,,
2/26/2013,,0,0,,
2/27/2013,,0,0,,
2/28/2013,,0,0,,
3/1/2013,,0,0,,
3/2/2013,,0,0,,
3/3/2013,,0,0,,
3/4/2013,,0,0,,
3/5/2013,,0,0,,
3/6/2013,,0,0,,
3/7/2013,,0,0,,
3/8/2013,,0.76,0.25,,
3/9/2013,,0.25,0,,
3/10/2013,,0,0,,
3/11/2013,,0,0,,
3/12/2013,,0,0,,
3/13/2013,,0,0,,
3/14/2013,,0,0,,
3/15/2013,,0,0,,
3/16/2013,,0,0,,
3/17/2013,,0,0,,
3/18/2013,,0,0,,
3/19/2013,,0,0,,
3/20/2013,,0,0,,
3/21/2013,,0,0,,
3/22/2013,,0,0,,
3/23/2013,,0,0,,
3/24/2013,,0,0,,
3/25/2013,,0,0,,
3/26/2013,,0,0,,
3/27/2013,,0,0,,
3/28/2013,,0,0,,
3/29/2013,,0,0,,
3/30/2013,,0,0,,
3/31/2013,,0,0,,
4/1/2013,,0,0,,
4/2/2013,,0,0,,
4/3/2013,,0,0,,
4/4/2013,,0,0,,
4/5/2013,,0,0,,
4/6/2013,,0,0,,
4/7/2013,,0,0,,
4/8/2013,,3.06,2.8,,
4/9/2013,,1.02,1.77,,
4/10/2013,,0,0,,
4/11/2013,,0,0,,
4/12/2013,,0,0,,
4/13/2013,,0,0,,
4/14/2013,,0,0,,
4/15/2013,,0,0,,
4/16/2013,,0,0,,
4/17/2013,,0,0,,
4/18/2013,,0,0,,
4/19/2013,,0,0,,
4/20/2013,,0,0,,
4/21/2013,,0,0,,
4/22/2013,,0,0,,
4/23/2013,,0,0,,
4/24/2013,,0,0,,
4/25/2013,,0,0,,
4/26/2013,,0,0,,
4/27/2013,,0,0,,
4/28/2013,,0,0,,
4/29/2013,,0,0,,
4/30/2013,,0,0,,
5/1/2013,,0,0,,
5/2/2013,,0,0,,
5/3/2013,,0,0,,
5/4/2013,,0,0,,
5/5/2013,,0,0,,
5/6/2013,,0.25,0.25,,
5/7/2013,,0,0,,
5/8/2013,,0,0,,
5/9/2013,,0,0,,
5/10/2013,,0,0,,
5/11/2013,,0,0,,
5/12/2013,,0,0,,
5/13/2013,,0,0,,
5/14/2013,,0,0,,
5/15/2013,,0,0,,
5/16/2013,,0,0,,
5/17/2013,,0,0,,
5/18/2013,,0,0,,
5/19/2013,,0,0,,
5/20/2013,,0,0,,
5/21/2013,,0,0,,
5/22/2013,,0,0,,
5/23/2013,,0,0,,
5/24/2013,,0,0,,
5/25/2013,,0,0,,
5/26/2013,,0,0,,
5/27/2013,,0,0,,
5/28/2013,,0,0,,
5/29/2013,,0,0,,
5/30/2013,,0,0,,
5/31/2013,,0,0,,
6/1/2013,,0,0,,
6/2/2013,,0,0,,
6/3/2013,,0,0,,
6/4/2013,,0.76,0,,
6/5/2013,,0,0,,
6/6/2013,,0,0,,
6/7/2013,,0,0,,
6/8/2013,,0,0,,
6/9/2013,,0,0,,
6/10/2013,,0,0,,
6/11/2013,,0,0,,
6/12/2013,,0,0,,
6/13/2013,,0,0,,
6/14/2013,,0,0,,
6/15/2013,,0,0,,
6/16/2013,,0,0,,
6/17/2013,,0,0,,
6/18/2013,,0,0,,
6/19/2013,,0,0,,
6/20/2013,,0,0,,
6/21/2013,,0,0,,
6/22/2013,,0,0,,
6/23/2013,,0,0,,
6/24/2013,,0,0,,
6/25/2013,,0,0,,
6/26/2013,,0,0,,
6/27/2013,,0,0,,
6/28/2013,,0,0,,
6/29/2013,,0,0,,
6/30/2013,,0,0,,
7/1/2013,,9.15,7.62,,
7/2/2013,,0,0,,
7/3/2013,,0,0,,
7/4/2013,,0,0,,
7/5/2013,,0.5,0.75,,
7/6/2013,,0,0,,
7/7/2013,,0.76,1.27,,
7/8/2013,,0,0,,
7/9/2013,,0,0,,
7/10/2013,,2.03,3.04,,
7/11/2013,,2.52,3.03,,
7/12/2013,,4.57,7.11,,
7/13/2013,,0,0,,
7/14/2013,,0,0,,
7/15/2013,,4.57,8.38,,
7/16/2013,,0,0,,
7/17/2013,,0,0,,
7/18/2013,,0,0,,
7/19/2013,,0,0,,
7/20/2013,,8.13,10.42,,
7/21/2013,,0,0,,
7/22/2013,,0,0,,
7/23/2013,,0,0,,
7/24/2013,,1.25,1.51,,
7/25/2013,,0,0,,
7/26/2013,,12.44,17.01,,
7/27/2013,,0,0,,
7/28/2013,,0,0,,
7/29/2013,,0,0,,
7/30/2013,,0,0,,
7/31/2013,,0,0,,
8/1/2013,,0,0,,
8/2/2013,,0,0,,
8/3/2013,,0,0,,
8/4/2013,,0,0,,
8/5/2013,,2.77,2.52,,
8/6/2013,,2.03,2.79,,
8/7/2013,,0,0,,
8/8/2013,,0,0,,
8/9/2013,,0,0,,
8/10/2013,,0,0,,
8/11/2013,,0,0,,
8/12/2013,,0,0,,
8/13/2013,,0,0,,
8/14/2013,,0,0,,
8/15/2013,,0,0,,
8/16/2013,,0,0,,
8/17/2013,,0,0,,
8/18/2013,,2.29,1.77,,
8/19/2013,,0,0,,
8/20/2013,,0,0.25,,
8/21/2013,,0,0,,
8/22/2013,,0,0,,
8/23/2013,,0,0,,
8/24/2013,,0,0,,
8/25/2013,,0.51,0.51,,
8/26/2013,,0,0,,
8/27/2013,,0,0,,
8/28/2013,,2.03,0,,
8/29/2013,,3.8,4.05,,
8/30/2013,,0.25,0.25,,
8/31/2013,,0,0,,
9/1/2013,,0,0,,
9/2/2013,,0,0,,
9/3/2013,,0.25,0.25,,
9/4/2013,,0,0,,
9/5/2013,,0,0,,
9/6/2013,,0.25,0.25,,
9/7/2013,,0,0,,
9/8/2013,,1.76,1,,
9/9/2013,,8.63,8.62,,
9/10/2013,,0.76,0.76,,
9/11/2013,,0,0,,
9/12/2013,,0,0,,
9/13/2013,,0,0,,
9/14/2013,,0,0,,
9/15/2013,,0,0,,
9/16/2013,,0,0,,
9/17/2013,,0,0,,
9/18/2013,,0,0,,
9/19/2013,,0,0,,
9/20/2013,,0,0,,
9/21/2013,,0,0,,
9/22/2013,,0,0,,
9/23/2013,,0,0,,
9/24/2013,,0,0,,
9/25/2013,,0,0,,
9/26/2013,,0,0,,
9/27/2013,,0,0,,
9/28/2013,,0,0,,
9/29/2013,,0,0,,
9/30/2013,,0,0,,
10/1/2013,,0,0,,
10/2/2013,,0,0,,
10/3/2013,,0,0,,
10/4/2013,,0,0,,
10/5/2013,,0,0,,
10/6/2013,,0,0,,
10/7/2013,,0,0,,
10/8/2013,,0,0,,
10/9/2013,,0,0,,
10/10/2013,,0,0,,
10/11/2013,,0,0,,
10/12/2013,,0,0,,
10/13/2013,,0,0,,
10/14/2013,,0,0,,
10/15/2013,,0,0,,
10/16/2013,,0,0,,
10/17/2013,,0,0,,
10/18/2013,,0,0,,
10/19/2013,,0,0,,
10/20/2013,,0,0,,
10/21/2013,,1.52,0,,
10/22/2013,,0,0,,
10/23/2013,,0,0,,
10/24/2013,,0,0,,
10/25/2013,,0,0,,
10/26/2013,,0,0,,
10/27/2013,,0,0,,
10/28/2013,,0,0,,
10/29/2013,,0,0,,
10/30/2013,,0,0,,
10/31/2013,,0,0,,
11/1/2013,,0,0,,
11/2/2013,,2.29,2.28,,
11/3/2013,,0.5,0.5,,
11/4/2013,,0,0,,
11/5/2013,,0,0,,
11/6/2013,,0,0,,
11/7/2013,,0,0,,
11/8/2013,,0,0,,
11/9/2013,,0,0,,
11/10/2013,,0,0,,
11/11/2013,,0,0,,
11/12/2013,,0,0,,
11/13/2013,,0,0,,
11/14/2013,,0,0,,
11/15/2013,,0,0,,
11/16/2013,,0,0,,
11/17/2013,,0,0,,
11/18/2013,,0,0,,
11/19/2013,,0,0,,
11/20/2013,,0,0,,
11/21/2013,,0.75,0.76,,
11/22/2013,,22.59,23.84,,
11/23/2013,,27.65,31.47,,
11/24/2013,,0,0,,
11/25/2013,,0,0,,
11/26/2013,,0,0,,
11/27/2013,,0,0,,
11/28/2013,,0,0,,
11/29/2013,,0,0,,
11/30/2013,,0,0,,
12/1/2013,,0,0,,
12/2/2013,,0,0,,
12/3/2013,,0,0,,
12/4/2013,,1.01,0.25,,
12/5/2013,,4.52,4.79,,
12/6/2013,,0,0,,
12/7/2013,,0,0,,
12/8/2013,,0,0,,
12/9/2013,,0,0,,
12/10/2013,,0,0,,
12/11/2013,,0,0,,
12/12/2013,,0,0,,
12/13/2013,,0,0,,
12/14/2013,,0,0,,
12/15/2013,,0,0,,
12/16/2013,,0,0,,
12/17/2013,,0,0,,
12/18/2013,,0,0,,
12/19/2013,,0,0,,
12/20/2013,,6.59,7.6,,
12/21/2013,,0,0,,
12/22/2013,,0,0,,
12/23/2013,,0,0,,
12/24/2013,,0,0,,
12/25/2013,,0,0,,
12/26/2013,,0,0,,
12/27/2013,,0,0,,
12/28/2013,,0,0,,
12/29/2013,,0,0,,
12/30/2013,,0,0,,
12/31/2013,,0,0,,
1/1/2014,,0,0,,
1/2/2014,,0,0,,
1/3/2014,,0,0,,
1/4/2014,,0,0,,
1/5/2014,,0,0,,
1/6/2014,,0,0,,
1/7/2014,,0,0,,
1/8/2014,,0,0,,
1/9/2014,,0,0,,
1/10/2014,,0,0,,
1/11/2014,,0,0,,
1/12/2014,,0,0,,
1/13/2014,,0,0,,
1/14/2014,,0,0,,
1/15/2014,,0,0,,
1/16/2014,,0,0,,
1/17/2014,,0,0,,
1/18/2014,,0,0,,
1/19/2014,,0,0,,
1/20/2014,,0,0,,
1/21/2014,,0,0,,
1/22/2014,,0,0,,
1/23/2014,,0,0,,
1/24/2014,,0,0,,
1/25/2014,,0,0,,
1/26/2014,,0,0,,
1/27/2014,,0,0,,
1/28/2014,,0,0,,
1/29/2014,,0,0,,
1/30/2014,,0,0,,
1/31/2014,,0,0,,
2/1/2014,,0,0.25,,
2/2/2014,,0,0,,
2/3/2014,,0,0,,
2/4/2014,,0,0,,
2/5/2014,,0,0,,
2/6/2014,,0,0,,
2/7/2014,,0,0,,
2/8/2014,,0,0,,
2/9/2014,,0,0,,
2/10/2014,,0,0,,
2/11/2014,,0,0,,
2/12/2014,,0,0,,
2/13/2014,,0,0,,
2/14/2014,,0,0,,
2/15/2014,,0,0,,
2/16/2014,,0,0,,
2/17/2014,,0,0,,
2/18/2014,,0,0,,
2/19/2014,,0,0,,
2/20/2014,,0,0,,
2/21/2014,,0,0,,
2/22/2014,,0,0,,
2/23/2014,,0,0,,
2/24/2014,,0,0,,
2/25/2014,,0,0,,
2/26/2014,,0,0,,
2/27/2014,,0,0,,
2/28/2014,,0,0,,
3/1/2014,,4.05,4.81,,
3/2/2014,,3.3,3.03,,
3/3/2014,,0,0,,
3/4/2014,,0,0,,
3/5/2014,,0,0,,
3/6/2014,,0,0,,
3/7/2014,,0,0,,
3/8/2014,,0,0,,
3/9/2014,,0,0,,
3/10/2014,,0,0,,
3/11/2014,,0,0,,
3/12/2014,,0,0,,
3/13/2014,,0,0,,
3/14/2014,,0,0,,
3/15/2014,,0,0,,
3/16/2014,,0,0,,
3/17/2014,,0,0,,
3/18/2014,,0,0,,
3/19/2014,,0,0,,
3/20/2014,,0,0,,
3/21/2014,,0,0,,
3/22/2014,,0,0,,
3/23/2014,,0,0,,
3/24/2014,,0,0,,
3/25/2014,,0,0,,
3/26/2014,,0,0,,
3/27/2014,,0,0,,
3/28/2014,,0,0,,
3/29/2014,,0,0,,
3/30/2014,,0,0,,
3/31/2014,,0,0,,
4/1/2014,,0,0,,
4/2/2014,,0,0,,
4/3/2014,,0,0,,
4/4/2014,,0,0,,
4/5/2014,,0,0,,
4/6/2014,,0,0,,
4/7/2014,,0,0,,
4/8/2014,,0,0,,
4/9/2014,,0,0,,
4/10/2014,,0,0,,
4/11/2014,,0,0,,
4/12/2014,,0,0,,
4/13/2014,,0,0,,
4/14/2014,,0,0,,
4/15/2014,,0,0,,
4/16/2014,,0,0,,
4/17/2014,,0,0,,
4/18/2014,,0,0,,
4/19/2014,,0,0,,
4/20/2014,,0,0,,
4/21/2014,,0,0,,
4/22/2014,,0,0,,
4/23/2014,,0,0,,
4/24/2014,,0,0,,
4/25/2014,,0,0,,
4/26/2014,,1.26,1,,
4/27/2014,,0,0,,
4/28/2014,,0,0,,
4/29/2014,,0,0,,
4/30/2014,,0,0,,
5/1/2014,,0,0,,
5/2/2014,,0,0,,
5/3/2014,,0,0,,
5/4/2014,,0,0,,
5/5/2014,,0,0,,
5/6/2014,,0,0,,
5/7/2014,,0,0,,
5/8/2014,,0,0,,
5/9/2014,,0,0,,
5/10/2014,,0,0,,
5/11/2014,,0,0,,
5/12/2014,,0,0,,
5/13/2014,,0,0,,
5/14/2014,,0,0,,
5/15/2014,,0,0,,
5/16/2014,,0,0,,
5/17/2014,,0,0,,
5/18/2014,,0,0,,
5/19/2014,,0,0,,
5/20/2014,,0,0,,
5/21/2014,,0,0,,
5/22/2014,,0,0,,
5/23/2014,,0,0,,
5/24/2014,,0,0,,
5/25/2014,,0,0,,
5/26/2014,,0,0,,
5/27/2014,,0,0,,
5/28/2014,,0,0,,
5/29/2014,,0,0,,
5/30/2014,,0,0,,
5/31/2014,,0,0,,
6/1/2014,,0,0,,
6/2/2014,,0,0,,
6/3/2014,,0,0,,
6/4/2014,,0,0,,
6/5/2014,,0,0,,
6/6/2014,,0,0,,
6/7/2014,,0,0,,
6/8/2014,,0,0,,
6/9/2014,,0,0,,
6/10/2014,,0,0,,
6/11/2014,,0,0,,
6/12/2014,,0,0,,
6/13/2014,,0,0,,
6/14/2014,,0,0,,
6/15/2014,,0,0,,
6/16/2014,,0,0,,
6/17/2014,,0,0,,
6/18/2014,,0,0,,
6/19/2014,,0,0,,
6/20/2014,,0,0,,
6/21/2014,,0,0,,
6/22/2014,,0,0,,
6/23/2014,,0,0,,
6/24/2014,,0,0,,
6/25/2014,,0,0,,
6/26/2014,,0,0,,
6/27/2014,,0,0,,
6/28/2014,,0,0,,
6/29/2014,,0,0,,
6/30/2014,,0,0,,
7/1/2014,,0,0,,
7/2/2014,,0,0,,
7/3/2014,,0,0,,
7/4/2014,,0,0.25,,
7/5/2014,,8.61,9.13,,
7/6/2014,,0,0.25,,
7/7/2014,,2.53,3.05,,
7/8/2014,,10.92,1.78,,
7/9/2014,,0.25,0.25,,
7/10/2014,,0,0,,
7/11/2014,,0,0,,
7/12/2014,,0,0,,
7/13/2014,,14.23,13.71,,
7/14/2014,,0,0,,
7/15/2014,,7.62,5.58,,
7/16/2014,,0,0,,
7/17/2014,,0,0,,
7/18/2014,,0,0,,
7/19/2014,,0,0,,
7/20/2014,,0,0,,
7/21/2014,,0,0,,
7/22/2014,,0,0,,
7/23/2014,,0.25,0,,
7/24/2014,,0,0,,
7/25/2014,,0,0,,
7/26/2014,,0,0,,
7/27/2014,,1.01,0.76,,
7/28/2014,,0,0,,
7/29/2014,,0,0,,
7/30/2014,,0,0,,
7/31/2014,,0,0,,
8/1/2014,,4.55,3.29,,
8/2/2014,,6.59,7.1,,
8/3/2014,,0,0,,
8/4/2014,,0,0,,
8/5/2014,,0,0,,
8/6/2014,,0,0,,
8/7/2014,,0,0,,
8/8/2014,,0,0,,
8/9/2014,,0,0,,
8/10/2014,,0,0,,
8/11/2014,,0,0,,
8/12/2014,,6.85,6.35,,
8/13/2014,,0,0,,
8/14/2014,,0,0,,
8/15/2014,,0,0,,
8/16/2014,,0,0,,
8/17/2014,,8.38,8.12,,
8/18/2014,,0,0,,
8/19/2014,,2.03,2.03,,
8/20/2014,,0,0,,
8/21/2014,,0,0,,
8/22/2014,,0,0,,
8/23/2014,,0,0,,
8/24/2014,,0,0,,
8/25/2014,,0,0,,
8/26/2014,,0,0,,
8/27/2014,,0,0,,
8/28/2014,,0,0,,
8/29/2014,,0,0,,
8/30/2014,,0,0,,
8/31/2014,,0,0,,
9/1/2014,,0,0,,
9/2/2014,,0,0,,
9/3/2014,,0,0,,
9/4/2014,,6.09,7.62,,
9/5/2014,,0,0.25,,
9/6/2014,,0.25,2.54,,
9/7/2014,,2.29,2.53,,
9/8/2014,,18.78,22.32,,
9/9/2014,,0,0,,
9/10/2014,,0,0,,
9/11/2014,,0,0,,
9/12/2014,,0,0.25,,
9/13/2014,,0,0,,
9/14/2014,,0,0,,
9/15/2014,,0,0,,
9/16/2014,,2.78,3.28,,
9/17/2014,,2.76,2.25,,
9/18/2014,,0,0,,
9/19/2014,,0,0,,
9/20/2014,,0,0,,
9/21/2014,,0,0,,
9/22/2014,,0,0,,
9/23/2014,,0,0,,
9/24/2014,,0,0,,
9/25/2014,,0,0,,
9/26/2014,,0,0,,
9/27/2014,,0,0,,
9/28/2014,,0,1.02,,
9/29/2014,,0,0,,
9/30/2014,,0,0,,
10/1/2014,,0,0,,
10/2/2014,,0,0,,
10/3/2014,,0,0,,
10/4/2014,,0,0,,
10/5/2014,,0,0,,
10/6/2014,,0,0,,
10/7/2014,,0,0,,
10/8/2014,,15.73,16.75,,
10/9/2014,,18.26,19.81,,
10/10/2014,,0,0,,
10/11/2014,,0,0,,
10/12/2014,,0,0,,
10/13/2014,,0,0,,
10/14/2014,,0,0,,
10/15/2014,,0,0,,
10/16/2014,,0,0,,
10/17/2014,,0,0,,
10/18/2014,,0,0,,
10/19/2014,,3.56,3.55,,
10/20/2014,,0,0,,
10/21/2014,,0,0,,
10/22/2014,,0,0,,
10/23/2014,,0,0,,
10/24/2014,,0,0,,
10/25/2014,,0,0,,
10/26/2014,,0,0,,
10/27/2014,,0,0,,
10/28/2014,,0,0,,
10/29/2014,,0,0,,
10/30/2014,,0,0,,
10/31/2014,,0,0,,
11/1/2014,,0,0,,
11/2/2014,,0,0,,
11/3/2014,,0,0,,
11/4/2014,,0,,,
11/5/2014,,0,,,
11/6/2014,,0,,,
11/7/2014,,0,,,
11/8/2014,,0,,,
11/9/2014,,0,,,
11/10/2014,,0,,,
11/11/2014,,0,,,
11/12/2014,,0,,,
11/13/2014,,0,,,
11/14/2014,,0,,,
11/15/2014,,0,,,
11/16/2014,,0,,,
11/17/2014,,0,,,
11/18/2014,,0,,,
11/19/2014,,0,,,
11/20/2014,,0,,,
11/21/2014,,0,,,
11/22/2014,,0,,,
11/23/2014,,0,,,
11/24/2014,,0,,,
11/25/2014,,0,,,
11/26/2014,,0,,,
11/27/2014,,0,,,
11/28/2014,,0,,,
11/29/2014,,0,,,
11/30/2014,,0,,,
12/1/2014,,0,,,
12/2/2014,,0,,,
12/3/2014,,0,,,
12/4/2014,,12.18,,,
12/5/2014,,0,,,
12/6/2014,,0,,,
12/7/2014,,0,,,
12/8/2014,,0,,,
12/9/2014,,0,,,
12/10/2014,,0,,,
12/11/2014,,0,,,
12/12/2014,,0,,,
12/13/2014,,10.39,,,
12/14/2014,,0.25,,,
12/15/2014,,0,,,
12/16/2014,,0,,,
12/17/2014,,12.66,,,
12/18/2014,,0.25,0,,
12/19/2014,,0,0,,
12/20/2014,,0,0,,
12/21/2014,,0,0,,
12/22/2014,,0,0,,
12/23/2014,,0,0,,
12/24/2014,,0,0,,
12/25/2014,,1.01,1.26,,
12/26/2014,,0,0,,
12/27/2014,,0,0,,
12/28/2014,,0,0,,
12/29/2014,,0,0,,
12/30/2014,,0,0,,
12/31/2014,,13.14,12.9,,
1/1/2015,,0,0.5,,
1/2/2015,,0,0,,
1/3/2015,,0.25,0,,
1/4/2015,,0,0,,
1/5/2015,,0,0,,
1/6/2015,,0,0,,
1/7/2015,,0,0,,
1/8/2015,,7.1,7.61,,
1/9/2015,,0,0,,
1/10/2015,,0,0,,
1/11/2015,,0,0,,
1/12/2015,,0.76,0.51,,
1/13/2015,,0.75,0.5,,
1/14/2015,,1.52,1.26,,
1/15/2015,,0,0,,
1/16/2015,,0,0,,
1/17/2015,,0,0,,
1/18/2015,,0,0,,
1/19/2015,,0,0,,
1/20/2015,,0,0,,
1/21/2015,,0,0,,
1/22/2015,,0,0,,
1/23/2015,,0,0,,
1/24/2015,,0,0,,
1/25/2015,,0,0,,
1/26/2015,,0,0,,
1/27/2015,,2.54,1.78,,
1/28/2015,,0,0.25,,
1/29/2015,,0,0,,
1/30/2015,,29.9,27.63,,
1/31/2015,,19.26,19.74,,
2/1/2015,,0.75,1,,
2/2/2015,,0,0,,
2/3/2015,,0,0,,
2/4/2015,,0,0,,
2/5/2015,,0,0,,
2/6/2015,,0,0,,
2/7/2015,,0,0,,
2/8/2015,,0,0,,
2/9/2015,,0,0,,
2/10/2015,,0,0,,
2/11/2015,,0,0,,
2/12/2015,,0,0,,
2/13/2015,,0,0,,
2/14/2015,,0,0,,
2/15/2015,,0,0,,
2/16/2015,,0,0,,
2/17/2015,,0,0,,
2/18/2015,,0,0,,
2/19/2015,,0,0,,
2/20/2015,,0,0,,
2/21/2015,,0,0,,
2/22/2015,,0,0,,
2/23/2015,,0,0,,
2/24/2015,,1.25,1.51,,
2/25/2015,,0,0,,
2/26/2015,,0,0,,
2/27/2015,,0,0,,
2/28/2015,,0,0,,
3/1/2015,,0,0,,
3/2/2015,,3.04,2.79,,
3/3/2015,,0.25,0,,
3/4/2015,,0,0,,
3/5/2015,,0,0,,
3/6/2015,,0,0,,
3/7/2015,,0,0,,
3/8/2015,,0,0,,
3/9/2015,,0,0,,
3/10/2015,,0,0,,
3/11/2015,,0,0,,
3/12/2015,,0,0,,
3/13/2015,,0,0,,
3/14/2015,,0,0,,
3/15/2015,,0,0,,
3/16/2015,,0,0,,
3/17/2015,,0,0,,
3/18/2015,,3.3,3.05,,
3/19/2015,,0,0,,
3/20/2015,,0,0,,
3/21/2015,,0,0,,
3/22/2015,,0,0,,
3/23/2015,,0,0,,
3/24/2015,,0,0,,
3/25/2015,,0,0,,
3/26/2015,,0,0,,
3/27/2015,,0,0,,
3/28/2015,,0,0,,
3/29/2015,,0,0,,
3/30/2015,,0,0,,
3/31/2015,,0,0,,
4/1/2015,,0,0,,
4/2/2015,,0,0,,
4/3/2015,,0,0,,
4/4/2015,,0,0,,
4/5/2015,,0,0,,
4/6/2015,,0,0,,
4/7/2015,,0,0,,
4/8/2015,,0,0,,
4/9/2015,,0,0,,
4/10/2015,,0,0,,
4/11/2015,,0,0,,
4/12/2015,,0,0,,
4/13/2015,,0,0,,
4/14/2015,,0,0,,
4/15/2015,,0,0,,
4/16/2015,,0,0,,
4/17/2015,,0,0,,
4/18/2015,,0,0,,
4/19/2015,,0,0,,
4/20/2015,,0,0,,
4/21/2015,,0,0,,
4/22/2015,,0,0,,
4/23/2015,,0,0,,
4/24/2015,,0,0,,
4/25/2015,,0,0,,
4/26/2015,,6.6,5.33,,
4/27/2015,,0,0,,
4/28/2015,,0,0,,
4/29/2015,,0,0,,
4/30/2015,,0,0,,
5/1/2015,,0,0,,
5/2/2015,,0,0,,
5/3/2015,,0,0,,
5/4/2015,,8.87,7.09,,
5/5/2015,,0,0,,
5/6/2015,,0,0,,
5/7/2015,,0,0,,
5/8/2015,,0,0,,
5/9/2015,,0,0,,
5/10/2015,,0,0,,
5/11/2015,,0,0,,
5/12/2015,,0,0,,
5/13/2015,,0,0,,
5/14/2015,,0,0,,
5/15/2015,,0,0,,
5/16/2015,,1.77,1.27,,
5/17/2015,,0,0,,
5/18/2015,,0,0,,
5/19/2015,,0,0,,
5/20/2015,,0,0,,
5/21/2015,,0,0,,
5/22/2015,,0,0,,
5/23/2015,,0,0,,
5/24/2015,,0,0,,
5/25/2015,,0,0,,
5/26/2015,,0,0,,
5/27/2015,,0,0,,
5/28/2015,,0,0,,
5/29/2015,,0,0,,
5/30/2015,,0,0,,
5/31/2015,,0,0,,
6/1/2015,,0,0,,
6/2/2015,,0,0,,
6/3/2015,,0,0,,
6/4/2015,,0,0,,
6/5/2015,,0.75,0.5,,
6/6/2015,,0,0,,
6/7/2015,,0,0,,
6/8/2015,,0,0,,
6/9/2015,,6.83,6.32,,
6/10/2015,,0,0,,
6/11/2015,,0,0,,
6/12/2015,,0,0,,
6/13/2015,,0,0,,
6/14/2015,,0,0,,
6/15/2015,,0,0,,
6/16/2015,,0,0,,
6/17/2015,,0,0,,
6/18/2015,,0,0,,
6/19/2015,,0,0,,
6/20/2015,,0,0,,
6/21/2015,,0,0,,
6/22/2015,,0,0,,
6/23/2015,,0,0,,
6/24/2015,,0,0,,
6/25/2015,,0,0,,
6/26/2015,,0,0,,
6/27/2015,,0,0,,
6/28/2015,,0,0,,
6/29/2015,,0,0,,
6/30/2015,,3.05,3.3,,
7/1/2015,,0,0,,
7/2/2015,,0,0,,
7/3/2015,,0,0,,
7/4/2015,,0,0,,
7/5/2015,,9.4,7.37,,
7/6/2015,,0,0,,
7/7/2015,,0,0,,
7/8/2015,,0,0,,
7/9/2015,,0,0,,
7/10/2015,,0,0,,
7/11/2015,,0,0,,
7/12/2015,,0,0,,
7/13/2015,,0,0,,
7/14/2015,,0,0,,
7/15/2015,,4.07,3.55,,
7/16/2015,,0.5,0.51,,
7/17/2015,,0,0,,
7/18/2015,,0,0,,
7/19/2015,,0,0,,
7/20/2015,,0,0,,
7/21/2015,,0,0,,
7/22/2015,,0,0,,
7/23/2015,,2.79,2.78,,
7/24/2015,,0,0,,
7/25/2015,,0,0,,
7/26/2015,,0,0,,
7/27/2015,,0,0,,
7/28/2015,,18.29,25.89,,
7/29/2015,,2.52,2.01,,
7/30/2015,,0,0,,
7/31/2015,,0,0,,
8/1/2015,,3.54,6.6,,
8/2/2015,,0,0,,
8/3/2015,,0,0,,
8/4/2015,,0,0,,
8/5/2015,,0,0,,
8/6/2015,,0,0,,
8/7/2015,,2.78,1.51,,
8/8/2015,,0,0,,
8/9/2015,,1.01,0.51,,
8/10/2015,,0.5,1.01,,
8/11/2015,,14.48,13.2,,
8/12/2015,,0,0,,
8/13/2015,,0,0,,
8/14/2015,,0,0,,
8/15/2015,,0,0,,
8/16/2015,,0,0,,
8/17/2015,,0,0,,
8/18/2015,,0,0,,
8/19/2015,,0,0,,
8/20/2015,,4.32,2.53,,
8/21/2015,,0,0,,
8/22/2015,,4.57,4.57,,
8/23/2015,,0.25,0.5,,
8/24/2015,,2.78,2.53,,
8/25/2015,,1.25,0.75,,
8/26/2015,,0,0,,
8/27/2015,,0,0,,
8/28/2015,,0,0,,
8/29/2015,,0,0,,
8/30/2015,,0,0,,
8/31/2015,,4.32,3.8,,
9/1/2015,,3.04,9.9,,
9/2/2015,,0,0,,
9/3/2015,,5.07,5.58,,
9/4/2015,,0,0,,
9/5/2015,,3.02,2.25,,
9/6/2015,,0,0,,
9/7/2015,,0,0,,
9/8/2015,,1.27,0.25,,
9/9/2015,,0,0,,
9/10/2015,,2.5,2.5,,
9/11/2015,,0,0,,
9/12/2015,,0,0,,
9/13/2015,,0,0.25,,
9/14/2015,,0,0,,
9/15/2015,,0,0,,
9/16/2015,,0,0,,
9/17/2015,,0,0,,
9/18/2015,,0,0,,
9/19/2015,,0,0,,
9/20/2015,,0,0,,
9/21/2015,,23.88,22.58,,
9/22/2015,,0.5,3.04,,
9/23/2015,,0,0,,
9/24/2015,,0,0,,
9/25/2015,,0,0,,
9/26/2015,,0,0,,
9/27/2015,,0,0,,
9/28/2015,,0,0,,
9/29/2015,,0,0,,
9/30/2015,,0,0,,
10/1/2015,,0,0,,
10/2/2015,,0,0,,
10/3/2015,,0,0,,
10/4/2015,,0,0,,
10/5/2015,,0,0.25,,
10/6/2015,,3.55,4.57,,
10/7/2015,,0,0,,
10/8/2015,,0,0,,
10/9/2015,,0,0,,
10/10/2015,,0,0,,
10/11/2015,,0,0,,
10/12/2015,,0,0,,
10/13/2015,,0,0,,
10/14/2015,,0,0,,
10/15/2015,,0,0,,
10/16/2015,,9.64,8.89,,
10/17/2015,,22.6,17,,
10/18/2015,,0,0,,
10/19/2015,,0,0,,
10/20/2015,,3.81,4.32,,
10/21/2015,,14.19,15.98,,
10/22/2015,,0.25,0,,
10/23/2015,,0,0,,
10/24/2015,,0,0,,
10/25/2015,,0,0,,
10/26/2015,,0,0,,
10/27/2015,,0,0,,
10/28/2015,,0,0,,
10/29/2015,,1.78,1.01,,
10/30/2015,,0,0.25,,
10/31/2015,,0,0,,
11/1/2015,,0,0,,
11/2/2015,,0,0,,
11/3/2015,,0,0,,
11/4/2015,,2.28,1.26,,
11/5/2015,,0.76,1.01,,
11/6/2015,,0,0,,
11/7/2015,,0,0,,
11/8/2015,,0,0,,
11/9/2015,,0,0,,
11/10/2015,,0,0,,
11/11/2015,,0,0,,
11/12/2015,,0,0,,
11/13/2015,,0,0,,
11/14/2015,,0,0,,
11/15/2015,,1,1,,
11/16/2015,,1.26,1.26,,
11/17/2015,,0,0,,
11/18/2015,,0,0,,
11/19/2015,,0,0,,
11/20/2015,,0,0,,
11/21/2015,,0,0,,
11/22/2015,,0,0,,
11/23/2015,,0,0,,
11/24/2015,,0,0,,
11/25/2015,,0,0,,
11/26/2015,,0,0,,
11/27/2015,,0,0,,
11/28/2015,,0,0,,
11/29/2015,,0,0,,
11/30/2015,,0,0,,
12/1/2015,,0,0,,
12/2/2015,,0,0,,
12/3/2015,,0,0,,
12/4/2015,,0,0,,
12/5/2015,,0,0,,
12/6/2015,,0,0,,
12/7/2015,,0,0,,
12/8/2015,,0,0,,
12/9/2015,,0,0,,
12/10/2015,,0,0,,
12/11/2015,,0.25,0.5,,
12/12/2015,,9.37,9.62,,
12/13/2015,,0,0,,
12/14/2015,,2.28,2.28,,
12/15/2015,,0,0,,
12/16/2015,,0,0,,
12/17/2015,,0,0,,
12/18/2015,,0,0,,
12/19/2015,,0,0,,
12/20/2015,,0,0,,
12/21/2015,,0,0,,
12/22/2015,,0,0,,
12/23/2015,,0,0,,
12/24/2015,,0,0,,
12/25/2015,,0,0,,
12/26/2015,,0,0,,
12/27/2015,,0,0,,
12/28/2015,,0,0,,
12/29/2015,,0,0,,
12/30/2015,,0,0,,
12/31/2015,,0,0,,
1/1/2016,,0,0,,
1/2/2016,,0,0,,
1/3/2016,,0,0,,
1/4/2016,,9.14,8.89,,
1/5/2016,,0,0,,
1/6/2016,,1,1.52,,
1/7/2016,,28.19,29.45,,
1/8/2016,,0.25,0.25,,
1/9/2016,,0.25,0,,
1/10/2016,,0,0,,
1/11/2016,,0,0,,
1/12/2016,,0,0,,
1/13/2016,,0,0,,
1/14/2016,,0,0,,
1/15/2016,,0,0,,
1/16/2016,,0,0,,
1/17/2016,,0,0,,
1/18/2016,,0,0,,
1/19/2016,,0,0,,
1/20/2016,,0,0,,
1/21/2016,,0,0,,
1/22/2016,,0,0,,
1/23/2016,,0,0,,
1/24/2016,,0,0,,
1/25/2016,,0,0,,
1/26/2016,,0,0,,
1/27/2016,,0,0,,
1/28/2016,,0,0,,
1/29/2016,,0,0,,
1/30/2016,,0,0,,
1/31/2016,,0,0,,
2/1/2016,,7.35,6.85,,
2/2/2016,,0,0,,
2/3/2016,,0,0,,
2/4/2016,,0,0,,
2/5/2016,,0,0,,
2/6/2016,,0,0,,
2/7/2016,,0,0,,
2/8/2016,,0,0,,
2/9/2016,,0,0,,
2/10/2016,,0,0,,
2/11/2016,,0,0,,
2/12/2016,,0,0,,
2/13/2016,,0,0,,
2/14/2016,,0,0,,
2/15/2016,,0,0,,
2/16/2016,,0,0,,
2/17/2016,,0,0,,
2/18/2016,,0,0,,
2/19/2016,,0,0,,
2/20/2016,,0,0,,
2/21/2016,,0,0,,
2/22/2016,,0,0,,
2/23/2016,,0,0,,
2/24/2016,,0,0,,
2/25/2016,,0,0,,
2/26/2016,,0,0,,
2/27/2016,,0,0,,
2/28/2016,,0,0,,
2/29/2016,,0,0,,
3/1/2016,,0,0,,
3/2/2016,,0,0,,
3/3/2016,,0,0,,
3/4/2016,,0,0,,
3/5/2016,,0,0,,
3/6/2016,,0,0,,
3/7/2016,,0,0,,
3/8/2016,,2.02,1.77,,
